Workbook

Sheet Project List 2026
A1: Project name | B1: Project name (as in ITS1) | C1: Tower | D1: PC Ownership | E1: PM name | F1: Internal/ External | G1: SalesForce Proposal # / BCA # | H1: #BSO/IO | I1: Project status | J1: Start date | K1: End date | L1: BU | M1: Value 2026 | N1: Probability [%] | O1: Value weighted 2026 | P1: Comments
A2: BARN Security Enforcement | B2: LAN CONNECTIVITY | C2: Telecoms | D2: Others | E2: Alina Nosulych | F2: Internal | G2: n/a | H2: 89100298 | I2: Ongoing | J2: 46068 | K2: 46265 | L2: ITS | M2: 0 | N2: 1 | O2: =M2*N2 -> 0 | P2: Alina Nosulych for 10MD (%MDs per m onth), allocation only, RUN order
A3: F5 Refresh | B3: F5 BIG-IP EOSL Refresh - GLOBAL | C3: Telecoms | D3: Telecoms | E3: Alina Nosulych | F3: Internal | G3: n/a | H3: 87101386 | I3: Ongoing | J3: 46023 | K3: 46387 | L3: ITS | M3: 0 | N3: 1 | O3: =M3*N3 -> 0 | P3: 40% PM allocation
A4: ACI Upgrade - global activitiy (BARN related) | B4: ACI Upgrade - global activitiy (BARN related) | C4: Telecoms | D4: Telecoms | E4: Alina Nosulych | F4: Internal | G4: n/a | H4: 89100298 | I4: Completed | J4: 46068 | K4: 46142 | L4: ITS | M4: 0 | N4: 1 | O4: =M4*N4 -> 0 | P4: To be paid by RUN order, allocation only
A5: Central FAX migration to eFAX solution | B5: Central FAX migration to eFAX | C5: Telecoms | D5: Telecoms | E5: Alina Nosulych | F5: Internal | G5: n/a | H5: 89100536 | I5: Completed | J5: 46023 | K5: 46203 | L5: Multiple | M5: 0 | N5: 1 | O5: =M5*N5 -> 0 | P5: PM 20% allocation
A6: NGFW Proposals EXP | B6: Presales - EXP Central Management | C6: Telecoms | D6: Telecoms | E6: Alina Nosulych | F6: Internal | G6: n/a | H6: 88100313 | I6: Ongoing | J6: 46023 | K6: 46387 | L6: EXP | M6: 0 | N6: 1 | O6: =M6*N6 -> 0 | P6: NGFW request check for EXP, allocation only
A7: Cookies and consent ​management transformation​ | B7: Cookies and DSAR management | C7: Telecoms | D7: Telecoms | E7: Andrea Stratilova | F7: Internal | G7: n/a | H7: 89101258 | I7: Ongoing | J7: 45901 | K7: 46387 | L7: Multiple | M7: 294645 | N7: 1 | O7: =M7*N7 -> 294645
A8: Demand Management (Whitelisting for ZPA and Cloud Proxy Service) | B8: Demand Management (Whitelisting for ZPA and Cloud Proxy Service) | C8: Telecoms | D8: Telecoms | E8: Andrea Stratilova | F8: Internal | G8: n/a | H8: 89100787, 89100999 | I8: Ongoing | J8: 46023 | K8: 46387 | L8: ITS | M8: 0 | N8: 1 | O8: =M8*N8 -> 0 | P8: allocation only, run
A9: NGFW Proposals (DSC, ….) | B9: NGFW Proposals (DSC, ….) | C9: Telecoms | D9: Telecoms | E9: Andrea Stratilova | F9: Internal | G9: n/a | H9: 88100294, 88100275, 89100826, 89101130 | I9: Ongoing | J9: 46023 | K9: 46387 | L9: Multiple | M9: 0 | N9: 1 | O9: =M9*N9 -> 0 | P9: NGFW request check for DSC and others Bus, allocation only
A10: ExpAM-17020-WIN 2016 OS Refresh MX | B10: EXP AM Win 2016 OS Refresh | C10: Americas | D10: Hosting Programs | E10: Carlos Crawford | F10: External | G10: Q-42762 | H10: 31318838 | I10: Ongoing | J10: 45931 | K10: 46022 | L10: EXP | M10: 37236.64 | N10: 1 | O10: =M10*N10 -> 37236.64
A11: DSCBR 22 Servers Migration to NAS | B11: DSCBR 22 Servers Migration to NAS | C11: Americas | D11: Telecoms | E11: Carlos Crawford | F11: External | G11: Q-44330 | H11: 31318789 | I11: Completed | J11: 45965 | K11: 46022 | L11: DSC | M11: 15486.16 | N11: 1 | O11: =M11*N11 -> 15486.16 | P11: closed in 2025, this year new order (FP) - line 119
A12: DSCUS New LPAR Optimus | B12: DSCUS New LPAR Optimus | C12: Americas | D12: Telecoms | E12: Carlos Crawford | F12: External | G12: Q-40690 | H12: 31318424 | I12: Completed | J12: 45831 | K12: 46081 | L12: DSC | M12: 1270.08 | N12: 1 | O12: =M12*N12 -> 1270.08 | P12: will be finished in 2026 (January)
A13: ExpAM-17029-DHCP Latam Migration | B13: ExpAM-17029-DHCP Latam Migration | C13: Americas | D13: Telecoms | E13: Carlos Crawford | F13: External | G13: Q-41773 | H13: 31319663 | I13: Ongoing | J13: 45993 | K13: 46265 | L13: EXP | M13: 34225.23 | N13: 1 | O13: =M13*N13 -> 34225.23
A14: DSCBR - DHCP Migration | B14: DSC - DHCP Migration | C14: Americas | D14: Telecoms | E14: Carlos Crawford | F14: External | G14: Q-44232 | H14: 31320039 | I14: Ongoing | J14: 46023 | K14: 46234 | L14: DSC | M14: 13344.31 | N14: 1 | O14: =M14*N14 -> 13344.31
A15: DSCMX - DHCP Migration | B15: DSC - DHCP Migration | C15: Americas | D15: Telecoms | E15: Carlos Crawford | F15: External | G15: Q-44233 | H15: 31320038 | I15: Ongoing | J15: 46023 | K15: 46173 | L15: DSC | M15: 7842.74 | N15: 1 | O15: =M15*N15 -> 7842.74
A16: DSCCO - DHCP Migration | B16: DSC - DHCP Migration | C16: Americas | D16: Telecoms | E16: Carlos Crawford | F16: External | G16: Q-44234 | H16: 31320037 | I16: Ongoing | J16: 46023 | K16: 46173 | L16: DSC | M16: 3911.85 | N16: 1 | O16: =M16*N16 -> 3911.85
A17: DSCBR 22 Servers Migration to NAS | B17: DSCBR 22 Servers Migration to NAS | C17: Americas | D17: Telecoms | E17: Carlos Crawford | F17: External | G17: Q-41949 | H17: 31319237 | I17: Ongoing | J17: 45883 | K17: 46203 | L17: DSC | M17: 15994 | N17: 1 | O17: =M17*N17 -> 15994 | P17: end in the middle of June
A18: Private Cloud 2.0 - Phase 1 | B18: Private Cloud 2.0 - Phase 1 | C18: APAC | D18: SEF | E18: Daniel Lai | F18: Internal | G18: 1091183860 | H18: 87101375 | I18: Completed | J18: 45901 | K18: 45716 | L18: ITS | M18: 533000 | N18: 1 | O18: 533000
A19: Private Cloud 2.0 - Phase 2 | B19: Private Cloud 2.0 - Phase 2 | C19: APAC | D19: SEF | E19: Daniel Lai | F19: Internal | G19: 1552930201 | H19: 87002033 | I19: Ongoing | J19: 46023 | K19: 46387 | L19: ITS | M19: 1420000 | N19: 1 | O19: =M19*N19 -> 1420000 | P19: value to be clarified (1.600 k)
A20: ExpAM-17020-WIN 2016 OS Refresh CR CSC | B20: EXP AM Win 2016 OS Refresh | C20: Americas | D20: Hosting Programs | E20: Daniela Ocampo | F20: External | G20: Q-42759 | H20: 31318835 | I20: Ongoing | J20: 45931 | K20: 46326 | L20: EXP | M20: 6817.92 | N20: 1 | O20: =M20*N20 -> 6817.92
A21: ExpAM-17020-WIN 2016 OS Refresh EC CSA | B21: EXP AM Win 2016 OS Refresh | C21: Americas | D21: Hosting Programs | E21: Daniela Ocampo | F21: External | G21: Q-42760 | H21: 31318836 | I21: Ongoing | J21: 45931 | K21: 46326 | L21: EXP | M21: 4849.6 | N21: 1 | O21: =M21*N21 -> 4849.6
A22: ExpAM-17020-WIN 2016 OS Refresh GT CSA | B22: EXP AM Win 2016 OS Refresh | C22: Americas | D22: Hosting Programs | E22: Daniela Ocampo | F22: External | G22: Q-42761 | H22: 31318837 | I22: Ongoing | J22: 45931 | K22: 46326 | L22: EXP | M22: 4849.6 | N22: 1 | O22: =M22*N22 -> 4849.6
A23: ExpAM-17020-WIN 2016 OS Refresh PY CSA | B23: EXP AM Win 2016 OS Refresh | C23: Americas | D23: Hosting Programs | E23: Daniela Ocampo | F23: External | G23: Q-42763 | H23: 31318839 | I23: Ongoing | J23: 45931 | K23: 46326 | L23: EXP | M23: 9699.2 | N23: 1 | O23: =M23*N23 -> 9699.2
A24: ExpAM-17020-WIN 2016 OS Refresh PE CSA | B24: EXP AM Win 2016 OS Refresh | C24: Americas | D24: Hosting Programs | E24: Daniela Ocampo | F24: External | G24: Q-42764 | H24: 31318840 | I24: Ongoing | J24: 45931 | K24: 46326 | L24: EXP | M24: 14548.8 | N24: 1 | O24: =M24*N24 -> 14548.8
A25: ExpAM-17020-WIN 2016 OS Refresh UY CSA | B25: EXP AM Win 2016 OS Refresh | C25: Americas | D25: Hosting Programs | E25: Daniela Ocampo | F25: External | G25: Q-42765 | H25: 31318841 | I25: Ongoing | J25: 45931 | K25: 46326 | L25: EXP | M25: 9699.2 | N25: 1 | O25: =M25*N25 -> 9699.2
A26: ExpAM-17020-WIN 2016 OS Refresh US | B26: EXP AM Win 2016 OS Refresh | C26: Americas | D26: Hosting Programs | E26: Daniela Ocampo | F26: External | G26: Q-42766 | H26: 31318842 | I26: Ongoing | J26: 45931 | K26: 46326 | L26: EXP | M26: 29097.6 | N26: 1 | O26: =M26*N26 -> 29097.6
A27: ExpAM-17020-WIN 2016 OS Refresh H&G | B27: EXP AM Win 2016 OS Refresh | C27: Americas | D27: Hosting Programs | E27: Daniela Ocampo | F27: External | G27: Q-42750 | H27: 31318843 | I27: Ongoing | J27: 45931 | K27: 46326 | L27: EXP | M27: 16517.12 | N27: 1 | O27: =M27*N27 -> 16517.12
A28: ExpAM-17020-WIN 2016 OS Refresh AR CSA | B28: EXP AM Win 2016 OS Refresh | C28: Americas | D28: Hosting Programs | E28: Daniela Ocampo | F28: External | G28: Q-42752 | H28: 31318844 | I28: Ongoing | J28: 45931 | K28: 46326 | L28: EXP | M28: 4849.6 | N28: 1 | O28: =M28*N28 -> 4849.6
A29: ExpAM-17020-WIN 2016 OS Refresh BR | B29: EXP AM Win 2016 OS Refresh | C29: Americas | D29: Hosting Programs | E29: Daniela Ocampo | F29: External | G29: Q-42754 | H29: 31318846 | I29: Ongoing | J29: 45931 | K29: 46326 | L29: EXP | M29: 9699.2 | N29: 1 | O29: =M29*N29 -> 9699.2
A30: ExpAM-17020-WIN 2016 OS Refresh CL CSA | B30: EXP AM Win 2016 OS Refresh | C30: Americas | D30: Hosting Programs | E30: Daniela Ocampo | F30: External | G30: Q-42756 | H30: 31318847 | I30: Ongoing | J30: 45931 | K30: 46326 | L30: EXP | M30: 9699.2 | N30: 1 | O30: =M30*N30 -> 9699.2
A31: ExpAM-17020-WIN 2016 OS Refresh CR CSA | B31: EXP AM Win 2016 OS Refresh | C31: Americas | D31: Hosting Programs | E31: Daniela Ocampo | F31: External | G31: Q-42758 | H31: 31318848 | I31: Ongoing | J31: 45931 | K31: 46326 | L31: EXP | M31: 9699.2 | N31: 1 | O31: =M31*N31 -> 9699.2
... A35: ExpAM-17020-WIN 2016 OS Refresh AM Regional | B35: EXP AM Win 2016 OS Refresh | C35: Americas | D35: Hosting Programs | E35: Daniela Ocampo | F35: External | G35: Q-42751 | H35: 31318852 | I35: Ongoing | J35: 45931 | K35: 46326 | L35: EXP | M35: 19398.4 | N35: 1 | O35: =M35*N35 -> 19398.4
A36: DSCUS IOT 3rd Party Management 5 Sites P | B36: DSCUS IOT 3rd Party Management 5 Sites P | C36: Americas | D36: Telecoms | E36: Daniela Ocampo | F36: External | G36: Q-41157 | H36: 31319201 | I36: Ongoing | J36: 45962 | K36: 46203 | L36: DSC | M36: 5239.44 | N36: 1 | O36: =M36*N36 -> 5239.44
A37: DeC US Impl. HA for CVG Honeywell Servers | B37: DeC US Impl. HA for CVG Honeywell Servers | C37: Americas | D37: Telecoms | E37: Daniela Ocampo | F37: External | G37: Q-19425 | H37: 31306768 | I37: Ongoing | J37: 45292 | K37: 46203 | L37: DeC | M37: 4413.2 | N37: 1 | O37: =M37*N37 -> 4413.2 | P37: will be changed to FP. 2024 - 8827 EUR, the project is going to 2026
A38: DeC US Impl. HA for ORD Honeywell Servers | B38: DeC US Impl. HA for ORD Honeywell Servers | C38: Americas | D38: Telecoms | E38: Daniela Ocampo | F38: External | G38: Q-19424 | H38: 31306767 | I38: Ongoing | J38: 45292 | K38: 46203 | L38: DeC | M38: 3258.92 | N38: 1 | O38: =M38*N38 -> 3258.92 | P38: the project is going to 2026
A39: ExpAM-16534-UCC Telephony 2024 BR | B39: ExpAM-16534-UCC Telephony 2024 BR | C39: Americas | D39: DWS | E39: Daniela Ocampo | F39: External | G39: Q-22966 | H39: 31315447 | I39: Completed | J39: 45870 | K39: 46081 | L39: EXP | M39: 0 | N39: 1 | O39: =M39*N39 -> 0
A40: EXP AM JFK SATS – SCADA | B40: EXP AM JFK SATS – SCADA | C40: Americas | D40: IS - Other | E40: Daniela Ocampo | F40: External | G40: Q-34347 | H40: 31316085 | I40: Completed | J40: 45748 | K40: 46053 | L40: EXP | M40: 0 | N40: 1 | O40: =M40*N40 -> 0
A41: ExpAM-17115-UCC Telephony Dominican Republic | B41: ExpAM UCC Telephony | C41: Americas | D41: DWS | E41: Daniela Ocampo | F41: External | G41: Q-44194 | H41: 31319983 | I41: Ongoing | J41: 46023 | K41: 46295 | L41: EXP | M41: 1858.4 | N41: 1 | O41: =M41*N41 -> 1858.4
A42: ExpAM-17115-UCC Telephony Bahamas | B42: ExpAM UCC Telephony | C42: Americas | D42: DWS | E42: Daniela Ocampo | F42: External | G42: Q-44195 | H42: 31319986 | I42: Ongoing | J42: 46023 | K42: 46295 | L42: EXP | M42: 1858.4 | N42: 1 | O42: =M42*N42 -> 1858.4
A43: ExpAM-17115-UCC Telephony Barbados | B43: ExpAM UCC Telephony | C43: Americas | D43: DWS | E43: Daniela Ocampo | F43: External | G43: Q-44196 | H43: 31319987 | I43: Ongoing | J43: 46023 | K43: 46295 | L43: EXP | M43: 1858.4 | N43: 1 | O43: =M43*N43 -> 1858.4
A44: ExpAM-17115-UCC Telephony Bermuda | B44: ExpAM UCC Telephony | C44: Americas | D44: DWS | E44: Daniela Ocampo | F44: External | G44: Q-44197 | H44: 31319988 | I44: Ongoing | J44: 46023 | K44: 46295 | L44: EXP | M44: 1858.4 | N44: 1 | O44: =M44*N44 -> 1858.4
A45: ExpAM-17115-UCC Telephony Guadeloupe | B45: ExpAM UCC Telephony | C45: Americas | D45: DWS | E45: Daniela Ocampo | F45: External | G45: Q-44198 | H45: 31319989 | I45: Ongoing | J45: 46023 | K45: 46295 | L45: EXP | M45: 1858.4 | N45: 1 | O45: =M45*N45 -> 1858.4
A46: ExpAM-17115-UCC Telephony Haiti | B46: ExpAM UCC Telephony | C46: Americas | D46: DWS | E46: Daniela Ocampo | F46: External | G46: Q-44199 | H46: 31319990 | I46: Ongoing | J46: 46023 | K46: 46295 | L46: EXP | M46: 1858.4 | N46: 1 | O46: =M46*N46 -> 1858.4
A47: ExpAM-17115-UCC Telephony Jamaica | B47: ExpAM UCC Telephony | C47: Americas | D47: DWS | E47: Daniela Ocampo | F47: External | G47: Q-44200 | H47: 31319991 | I47: Ongoing | J47: 46023 | K47: 46295 | L47: EXP | M47: 1858.4 | N47: 1 | O47: =M47*N47 -> 1858.4
A48: ExpAM-17115-UCC Telephony Trinidad_Tobago | B48: ExpAM UCC Telephony | C48: Americas | D48: DWS | E48: Daniela Ocampo | F48: External | G48: Q-44201 | H48: 31319992 | I48: Ongoing | J48: 46023 | K48: 46295 | L48: EXP | M48: 1858.4 | N48: 1 | O48: =M48*N48 -> 1858.4
A49: DSCUS Transport GovCloud Enclave BUILD P | B49: DSCUS Transport GovCloud Enclave BUILD P | C49: Americas | D49: Telecoms | E49: Dayanna Abarca | F49: External | G49: Q-38730 | H49: 31318483 | I49: Ongoing | J49: 45962 | K49: 46387 | L49: DSC | M49: 117000 | N49: 1 | O49: =M49*N49 -> 117000 | P49: under Zdenek Suchel; lowered per information from Dayanna
A50: DNS and Domain Management Transformation | B50: DNS and Domain Transformation | C50: Telecoms | D50: SEF | E50: Dilyara Zeletdinova | F50: Internal | G50: n/a | H50: 87101423 | I50: Ongoing | J50: 46023 | K50: 46387 | L50: Multiple | M50: 1002000 | N50: 1 | O50: =M50*N50 -> 1002000
A51: Secure Access Portal Process and Architecture Modernization (ELM) | B51: Secure Access Portal Process and Architecture Modernization (ELM) | C51: Telecoms | D51: Telecoms | E51: Dilyara Zeletdinova | F51: Internal | G51: n/a | I51: On hold | J51: 46023 | K51: 46387 | L51: ITS | M51: 0 | N51: 0.75 | O51: =M51*N51 -> 0 | P51: Run
A52: Strengthen Deficiency (Consequence) Management for ELM - Phase II. | B52: Fully Automated Consequence Management | C52: Telecoms | D52: Telecoms | E52: Dilyara Zeletdinova | F52: Internal | G52: n/a | I52: Ongoing | J52: 46023 | K52: 46387 | L52: ITS | M52: 0 | N52: 0.75 | O52: =M52*N52 -> 0 | P52: Run
A53: BMC- Discovery Inventory PoC | B53: Discovery Inventory PoC | C53: Hosting | D53: IS - Other | E53: Hana Kodatova | F53: Internal | G53: 1293365124 | H53: 87002028 | I53: Ongoing | J53: 46023 | K53: 46234 | L53: ITS | M53: 130000 | N53: 1 | O53: =M53*N53 -> 130000 | P53: Request from Petr Volf, Ales Trekoval
A54: DSC FR - Infolog upgrade IT PM | B54: DSC FR - Infolog upgrade IT PM | C54: Hosting | D54: Hosting Programs | E54: Hana Kodatova | F54: External | G54: Q-40161 | H54: 31318231 | I54: Completed | J54: 45870 | K54: 46081 | L54: DSC | M54: 4453 | N54: 1 | O54: =M54*N54 -> 4453
A55: Storage TR 2026 | B55: Storage TR 2026 | C55: Hosting | D55: IS - Other | E55: Hana Kodatova | F55: Internal | G55: 1069985937 | H55: 87101414 | I55: Ongoing | J55: 46062 | K55: 46356 | L55: ITS | M55: 238525 | N55: 1 | O55: =M55*N55 -> 238525 | P55: approved BCA - submitted by Pavel Lipavsky
A56: APIDOG | B56: Secure API Testing - Service Introduction | C56: Hosting | D56: SEF | E56: Hana Sinska | F56: Internal | G56: n/a | H56: 87101388 | I56: Ongoing | J56: 45962 | K56: 46203 | L56: ITS | M56: 60000 | N56: 1 | O56: =M56*N56 -> 60000
A57: Green Accounting | B57: Green Accounting - MVP - Reporting 2024 | C57: Hosting | D57: IS - Other | E57: Hana Sinska | F57: Internal | G57: n/a | H57: 87001903 | I57: On hold | J57: 45363 | K57: 46203 | L57: ITS | M57: 11466 | N57: 0.2 | O57: =M57*N57 -> 2293.2 | P57: still on hold
A58: Dell Server Onboarding | B58: Dell Server Onboarding | C58: Hosting | D58: Hosting Programs | E58: Hana Sinska | F58: Internal | G58: n/a | H58: 89101329 | I58: Ongoing | J58: 46043 | K58: 46326 | L58: ITS | M58: 251000 | N58: 1 | O58: =M58*N58 -> 251000 | P58: Internal order to be created - submitted by Jan Havel
A59: Internal servers EOL | B59: Internal servers EOL | C59: Hosting | D59: IS - Other | E59: Hana Sinska | F59: Internal | G59: n/a | H59: 89101266 | I59: Ongoing | J59: 46023 | K59: 46387 | L59: ITS | M59: 13599.16 | N59: 1 | O59: =M59*N59 -> 13599.16 | P59: From Bara
A60: GWSS 2.0 - EXP | B60: GWSS 2.0 | C60: Hosting | D60: Hosting Programs | E60: Henrieta Schotzova | F60: External | G60: Q-32221 | H60: 31316268 | I60: Ongoing | J60: 45777 | K60: 46477 | L60: EXP | M60: 14325 | N60: 1 | O60: =M60*N60 -> 14325
A61: GWSS 2.0 - DeC | B61: GWSS 2.0 | C61: Hosting | D61: Hosting Programs | E61: Henrieta Schotzova | F61: External | G61: Q-32462 | H61: 31312933 | I61: Ongoing | J61: 45777 | K61: 46112 | L61: DeC | M61: 1863.54 | N61: 1 | O61: =M61*N61 -> 1863.54
A62: GWSS 2.0 - DSC | B62: GWSS 2.0 | C62: Hosting | D62: Hosting Programs | E62: Henrieta Schotzova | F62: External | G62: Q-32209 | H62: 31313654 | I62: Ongoing | J62: 45777 | K62: 46112 | L62: DSC | M62: 8195 | N62: 1 | O62: =M62*N62 -> 8195
A63: GWSS 2.0 - DGFF | B63: GWSS 2.0 | C63: Hosting | D63: Hosting Programs | E63: Henrieta Schotzova | F63: External | G63: Q-33662, Q-32317 | H63: 31315099, 31315164 | I63: Ongoing | J63: 45777 | K63: 46112 | L63: DGFF | M63: 2707 | N63: 1 | O63: =M63*N63 -> 2707
A64: GWSS 2.0 - PP | B64: GWSS 2.0 | C64: Hosting | D64: Hosting Programs | E64: Henrieta Schotzova | F64: External | G64: Q-32254 | H64: 31315135 | I64: Ongoing | J64: 45777 | K64: 46112 | L64: P&P | M64: 4172 | N64: 1 | O64: =M64*N64 -> 4172
A65: PoC - BMC - OpenShift onboarding | B65: PoC - BMC - OpenShift onboarding | C65: Hosting | D65: IS - Other | E65: Ivan Godunov | F65: Internal | G65: n/a | H65: 87002011 | I65: Completed | J65: 45985 | K65: 46081 | L65: ITS | M65: 24830 | N65: 1 | O65: =M65*N65 -> 24830
A66: Malware servers scanning | B66: UES ITS Managed Server | C66: Hosting | D66: IS - Other | E66: Ivan Godunov | F66: Internal | G66: n/a | H66: 89101198 | I66: Ongoing | J66: 46023 | K66: 46387 | L66: ITS | M66: 0 | N66: 1 | O66: =M66*N66 -> 0 | P66: Run Order - no need documentation, only etime allocation
A67: ExpGB-17047-SECMCO 2025 35 sites V1 | B67: ExpGB-17047-SECMCO 2025 35 sites V1 | C67: Telecoms | D67: Telecoms | E67: Jan Cesnek | F67: External | G67: Q-42711 | H67: 31318622 | I67: Completed | J67: 45931 | K67: 46418 | L67: EXP | M67: 28932.32 | N67: 1 | O67: =M67*N67 -> 28932.32
A68: New NGFW requests | B68: New NGFW requests | C68: Telecoms | D68: Telecoms | E68: Jan Cesnek | F68: External | G68: n/a | H68: Multiple | I68: Ongoing | J68: 46023 | K68: 46387 | L68: Multiple | M68: 500000 | N68: 1 | O68: =M68*N68 -> 500000
A69: DSCUS NGFW & Secure Access 2 Engineers | B69: DSCUS NGFW & Secure Access 2 Engineers | C69: Telecoms | D69: Telecoms | E69: Jan Cesnek | F69: External | G69: Q-42515 | H69: 31313327 | I69: Ongoing | J69: 46023 | K69: 46387 | L69: DSC | M69: 97572.8 | N69: 1 | O69: =M69*N69 -> 97572.8 | P69: Body Shopping
A70: Netflow solution review - PoC | B70: Netflow solution review - PoC | C70: Telecoms | D70: Telecoms | E70: Jan Ondrak | F70: Internal | G70: n/a | H70: 89100816 | I70: Ongoing | J70: 46054 | K70: 46203 | L70: ITS | M70: 0 | N70: 0.25 | O70: =M70*N70 -> 0
A71: PTV Sites Phase 2 2025 (GSN Internal development) | B71: PTV Sites phase 2 | C71: Telecoms | D71: Others | E71: Jan Ondrak | F71: Internal | G71: n/a | H71: 87001963 | I71: Completed | J71: 45748 | K71: 46053 | L71: ITS | M71: 1000 | N71: 1 | O71: =M71*N71 -> 1000
A72: Site Connectivity (Core Network connections - ITS 2 location in IN, DSC AU, BLueDart DeC IN) | B72: Site connectivity | C72: Telecoms | D72: Telecoms | E72: Jan Ondrak | F72: Internal | G72: n/a | H72: 87101425, 89100816, 89101328 | I72: Ongoing | J72: 46054 | K72: 46387 | L72: Multiple | M72: 0 | N72: 0.9 | O72: =M72*N72 -> 0
A73: Global ITS Meraki Service | B73: Global ITS Meraki Service | C73: Telecoms | D73: Telecoms | E73: Jan Ondrak | F73: Internal | G73: n/a | H73: 89101295 | I73: Ongoing | J73: 46054 | K73: 46387 | L73: Multiple | M73: 0 | N73: 0.9 | O73: =M73*N73 -> 0
A74: Patching Grid : Automated Deployment | B74: Automated Deployment v2 - 2026 SEF | C74: Hosting | D74: SEF | E74: Jan Truksa | F74: Internal | G74: 1053281811 | H74: 87101401 | I74: On hold | J74: 46023 | K74: 46387 | L74: ITS | M74: 687000 | N74: 1 | O74: =M74*N74 -> 687000 | P74: SEF project, Sveto submitted PM request
A75: Ops Security Portal2.0 | B75: Ops Security Portal2.0 | C75: Hosting | D75: Hosting Programs | E75: Jan Truksa | F75: Internal | G75: n/a | I75: On hold | J75: 46054 | K75: 46660 | L75: ITS | M75: 0 | N75: 0 | O75: =M75*N75 -> 0 | P75: On review in August
A76: EXP EU - Ws2016 EOLS Discovery & Design | B76: EXP EU Win 2016 OS Refresh | C76: Hosting | D76: Hosting Programs | E76: Jana Veberova | F76: External | G76: Q-43184 | H76: 31319329 | I76: Ongoing | J76: 45901 | K76: 46387 | L76: EXP | M76: 86779.4 | N76: 1 | O76: =M76*N76 -> 86779.4
A77: EXP EU Ws2016 OS R. - Server Refresh | B77: EXP EU Ws2016 OS R. - Server Refresh | C77: Hosting | D77: Hosting Programs | E77: Jana Veberova | F77: External | G77: Q-43787 | H77: 31319332 | I77: Ongoing | J77: 46023 | K77: 46387 | L77: EXP | M77: 321571.2 | N77: 1 | O77: =M77*N77 -> 321571.2 | P77: rest Infra Delivery
A78: DGF-GL-Hosting-BLD-Win2016 Design | B78: DGFF WS2016 - Discovery & Design | C78: Hosting | D78: Hosting Programs | E78: Michel de Heij | F78: External | G78: Q-48129 | H78: 31321369 | I78: Ongoing | J78: 46082 | K78: 46265 | L78: DGFF | M78: 37161 | N78: 1 | O78: =M78*N78 -> 37161
A79: FRT-GL-Hosting-BLD-Win2016 Design | B79: DGFF WS2016 - Discovery & Design | C79: Hosting | D79: Hosting Programs | E79: Michel de Heij | F79: External | G79: Q-48130 | H79: 31321694 | I79: Ongoing | J79: 46082 | K79: 46265 | L79: DGFF | M79: 12387 | N79: 1 | O79: =M79*N79 -> 12387
A80: Group Functions - Ws2016 OS refresh | B80: GF XSL Ws2016 OS refresh | C80: Hosting | D80: Hosting Programs | E80: Jana Veberova | F80: External | G80: Q-49268 | H80: n/a | I80: Ongoing | J80: 46082 | K80: 46387 | L80: GF | M80: 36000 | N80: 1 | O80: =M80*N80 -> 36000 | P80: PM effort 42 MDs, SO will not be created - different process
A81: DSC DE - RIM Blue. | B81: DSC DE - RIM Blue. | C81: Hosting | D81: Hosting Programs | E81: Jana Veberova | F81: External | G81: Q-43643, Q-39406 | H81: 31317555 | I81: Completed | J81: 45796 | K81: 46142 | L81: DSC | M81: 9008.16 | N81: 1 | O81: =M81*N81 -> 9008.16
A82: ADaM 2.0 GCISO | B82: ADaM 2.0 GCISO | C82: Telecoms | D82: Others | E82: Jaroslav Kral | F82: Internal | G82: n/a | H82: 87101359 | I82: Ongoing | J82: 46023 | K82: 46387 | L82: Multiple | M82: 0 | N82: 1 | O82: =M82*N82 -> 0 | P82: PM 100% allocation, project under Miriam Slusna
A83: SATs central PM order | B83: EXP-AP-SATS-B-PM Resource 2026 | C83: Hosting | D83: Hosting Programs | E83: Katerina Soukupova | F83: External | G83: Q-43577 | H83: 31319957 | I83: Ongoing | J83: 46023 | K83: 46387 | L83: EXP | M83: 474281 | N83: 1 | O83: =M83*N83 -> 474281
A84: S/MIME User certificates | B84: S/MIME certificates transition | C84: Telecoms | D84: Others | E84: Kirill Shabalkin | F84: Internal | G84: n/a | H84: 89100541 | I84: Completed | J84: 45292 | K84: 46081 | L84: ITS | M84: 0 | N84: 1 | O84: =M84*N84 -> 0 | P84: run, allocation only
A85: SecMCO Lite Deployment (154 additional EXP sites) | B85: SecMCO Lite Deployment (154 additional EXP sites) | C85: Telecoms | D85: Others | E85: Kirill Shabalkin | F85: Internal | G85: n/a | H85: 89101178 | I85: On hold | J85: 46023 | K85: 46387 | L85: ITS | M85: 0 | N85: 1 | O85: =M85*N85 -> 0 | P85: run, allocation only
A86: SecMCOv1 to SecMCOv3 Transformation of Premium Hubs | B86: SecMCOv1 to SecMCOv3 Transformation of Premium Hubs | C86: Telecoms | D86: Others | E86: Kirill Shabalkin | F86: Internal | G86: n/a | H86: 89101178 | I86: Ongoing | J86: 46023 | K86: 46387 | L86: ITS | M86: 0 | N86: 1 | O86: =M86*N86 -> 0 | P86: run, allocation only
A87: OT security (Infosec driven, subject to PG1, approval through ITAM WG) | B87: GCISO SEF ITS OT Security | C87: Telecoms | D87: Telecoms | E87: Kirill Shabalkin | F87: Internal | G87: n/a | H87: 87101339 | I87: Ongoing | J87: 46023 | K87: 46752 | L87: Multiple | M87: 0 | N87: 1 | O87: =M87*N87 -> 0 | P87: GCISO
A88: Antimalware GW | B88: Antimalware Gateway Replacement | C88: Hosting | D88: SEF | E88: Kristina Fojtkova | F88: Internal | G88: n/a | H88: 87101430 | I88: Ongoing | J88: 46136 | K88: 46387 | L88: ITS | M88: 304000 | N88: 1 | O88: =M88*N88 -> 304000
A89: PP R PostIdent Analysis 2025 | B89: PP R PostIdent Analysis 2025 | C89: Hosting | D89: IS - Other | E89: Kristina Fojtkova | F89: External | G89: Q-46153 | H89: 31319971 | I89: Completed | J89: 46023 | K89: 46112 | L89: P&P | M89: 0 | N89: 1 | O89: =M89*N89 -> 0 | P89: Analysis order from P&P - No need project documentation
A90: EXP GL Resilience 2.0_ISQ_Automation | B90: EXP GL Resilience 2.0_ISQ_Automation | C90: APAC | D90: IS - Other | E90: Lisette Fincke | F90: External | G90: Q-27709 | H90: 31310721 | I90: Ongoing | J90: 45231 | K90: 46387 | L90: EXP | M90: 250000 | N90: 1 | O90: 250000 | P90: It will follow in 2026, SO number to be clarified (the original one or the new one)
A91: FreeRadius Sunset | B91: FreeRadius Sunset | C91: APAC | D91: Telecoms | E91: Lisette Fincke | F91: Internal | G91: n/a | I91: Ongoing | J91: 45658 | K91: 46203 | L91: ITS | M91: 0 | N91: 1 | O91: 0 | P91: Internal effort provided by Telecoms Services (RUN)
A92: Unified DDoS (CDC Service Enhancement) | B92: Unified DDoS | C92: Telecoms | D92: Telecoms | E92: Ludek Houska | F92: Internal | G92: n/a | H92: 87101349 | I92: Ongoing | J92: 45748 | K92: 46387 | L92: ITS | M92: 848000 | N92: 1 | O92: =M92*N92 -> 848000
A93: Dec IB Celia Network Design Changes | B93: Dec IB Celia Network Design Changes | C93: Telecoms | D93: Telecoms | E93: Ludek Houska | F93: External | G93: Q-41503 | H93: 31318081 | I93: Completed | J93: 46023 | K93: 46112 | L93: DeC | M93: 8444 | N93: 1 | O93: =M93*N93 -> 8444 | P93: specific customer, non standard - RP not ready yet
A94: ITS Infosec Program management | B94: ITS Infosec Program management | C94: APAC | D94: Others | E94: Muhammad Yusry | F94: Internal | G94: n/a | H94: 89100881 | I94: Completed | J94: 45635 | K94: 46112 | L94: ITS | M94: 0 | N94: 1 | O94: =M94*N94 -> 0 | P94: Internal effort provided by Infosec Services
A95: DSCAP-Windows_2016_EOS_Assessment | B95: DSCAP-Windows_2016_EOS_Assessment | C95: APAC | D95: Telecoms | E95: Muhammad Yusry | F95: External | G95: Q-43326 | H95: 31319089 | I95: Completed | J95: 45931 | K95: 46112 | L95: DSC | M95: 9575 | N95: 1 | O95: =M95*N95 -> 9575
A96: DC Fortigate Refresh - GLOBAL | B96: DC Fortigate Refresh 2nd Phase- GLOBAL | C96: APAC | D96: Others | E96: Muhammad Yusry | F96: Internal | G96: n/a | H96: 87101411 | I96: Ongoing | J96: 46054 | K96: 46234 | L96: ITS | M96: 0 | N96: 1 | O96: =M96*N96 -> 0 | P96: allocation only
A97: ISQ support for SPCS Managed services | B97: SPCS Managed Service – Transition from Cloud4C to ITS | C97: APAC | D97: Others | E97: Muhammad Yusry | F97: Internal | G97: n/a | H97: 87101417 | I97: Ongoing | J97: 46069 | K97: 46418 | L97: ITS | M97: 299749 | N97: 1 | O97: =M97*N97 -> 299749 | P97: BCA approved - submitted by Jan Havel, value to be checked with Annie
A98: AP UCC Implementations | B98: AP UCC Implementations | C98: APAC | D98: DWS | E98: Muthu Ramasamy | F98: External | G98: n/a | H98: 89101048 | I98: Ongoing | J98: 44927 | K98: 46387 | L98: Multiple | M98: 0 | N98: 1 | O98: 0 | P98: Booking on the cost collector on DWS
A99: ExpMena-17127-DHCP Migration | B99: ExpMena-17127-DHCP Migration | C99: APAC | D99: Telecoms | E99: Muthu Ramasamy | F99: External | G99: Q-44821 | H99: 31319580 | I99: Ongoing | J99: 45992 | K99: 46234 | L99: EXP | M99: 7294 | N99: 1 | O99: =M99*N99 -> 7294 | P99: Additional order, 2 orders, 1 SO
A100: ExpEU-17125- Spain DHCP Migration | B100: ExpEU-17125- Spain DHCP Migration | C100: APAC | D100: Telecoms | E100: Muthu Ramasamy | F100: External | G100: Q-44635 | H100: 31319960 | I100: Completed | J100: 46023 | K100: 46203 | L100: EXP | M100: 12306 | N100: 1 | O100: =M100*N100 -> 12306 | P100: According to PM, this project is already ongoing.
A101: Data Security Platform | B101: Data Security Platform(DSP) | C101: Hosting | D101: IS - Other | E101: Neeraja Duddu | F101: Internal | G101: n/a | H101: 87101362 | I101: Completed | J101: 45823 | K101: 46203 | L101: ITS | M101: 71551.11 | N101: 1 | O101: =M101*N101 -> 71551.11 | P101: Leftover from 2025
A102: Dummy order - VACATIONS | B102: Dummy order - VACATIONS | C102: Hosting | D102: Hosting Programs | E102: Neeraja Duddu | F102: Internal | G102: n/a | H102: n/a | I102: Ongoing | M102: 0 | N102: 1 | O102: =M102*N102 -> 0 | P102: used for utilization purposes only, when vacation is planned
A103: Dummy order - PART TIME | B103: Dummy order - PART TIME | C103: Hosting | D103: Hosting Programs | E103: Neeraja Duddu | F103: Internal | G103: n/a | H103: n/a | I103: Ongoing | M103: 0 | N103: 1 | O103: =M103*N103 -> 0 | P103: used for utilization purposes only, for tracking part timers assignments
...

Sheet Project documentation
A1: Project name (as in ITS1) | B1: Tower | C1: PM name | D1: Externality | E1: BU | F1: Status | G1: Project Charter | H1: Project Charter reviewed by Hena | I1: Project Charter reviewed by Martin (SEF) | J1: Project Plan | K1: Resource plan | L1: PSR | M1: Lesson Learned | N1: Lessons Learned reviewed by Hena | O1: Project Closure | P1: Project Closure reviewed by Hena | Q1: Portfolio review scope | R1: Project Owner | S1: SEF | T1: RAG status | U1: 29th Jan scope | V1: 24th Feb scope | W1: 26th Mar scope | X1: 28th Apr scope | Y1: 28th May scope | Z1: 23rd June scope | AA1: Comment
A2: DSCUS New LPAR Optimus | B2: =VLOOKUP('Project documentation'!A2,'Project List 2026'!B:E,2,0) -> Americas | C2: =VLOOKUP(A2,'Project List 2026'!B:I,4,0) -> Carlos Crawford | D2: =VLOOKUP(A2,'Project List 2026'!B:F,5,0) -> External | E2: =VLOOKUP(A2,'Project List 2026'!B:L,11,0) -> DSC | F2: =VLOOKUP(A2,'Project List 2026'!B:I,8,0) -> Completed | G2: not required | H2: not required | J2: not required | K2: not required | L2: not required
A3: ExpAM-17029-DHCP Latam Migration | B3: =VLOOKUP('Project documentation'!A3,'Project List 2026'!B:E,2,0) -> Americas | C3: =VLOOKUP(A3,'Project List 2026'!B:I,4,0) -> Carlos Crawford | D3: =VLOOKUP(A3,'Project List 2026'!B:F,5,0) -> External | E3: =VLOOKUP(A3,'Project List 2026'!B:L,11,0) -> EXP | F3: =VLOOKUP(A3,'Project List 2026'!B:I,8,0) -> Ongoing | G3: yes | H3: 46132 | J3: yes | K3: yes | L3: PJ20252652
A4: DSC - DHCP Migration | B4: =VLOOKUP('Project documentation'!A4,'Project List 2026'!B:E,2,0) -> Americas | C4: =VLOOKUP(A4,'Project List 2026'!B:I,4,0) -> Carlos Crawford | D4: =VLOOKUP(A4,'Project List 2026'!B:F,5,0) -> External | E4: =VLOOKUP(A4,'Project List 2026'!B:L,11,0) -> DSC | F4: =VLOOKUP(A4,'Project List 2026'!B:I,8,0) -> Ongoing | G4: yes | H4: 46132 | J4: yes | K4: yes | L4: PJ20252837
A5: EXP AM Win 2016 OS Refresh | B5: =VLOOKUP('Project documentation'!A5,'Project List 2026'!B:E,2,0) -> Americas | C5: Daniela Ocampo/ Carlos Crawford (MX) | D5: =VLOOKUP(A5,'Project List 2026'!B:F,5,0) -> External | E5: =VLOOKUP(A5,'Project List 2026'!B:L,11,0) -> EXP | F5: =VLOOKUP(A5,'Project List 2026'!B:I,8,0) -> Ongoing | G5: yes | H5: 46132 | J5: yes | K5: yes | L5: PJ20252385 | Q5: Hosting | R5: Neeraja Duddu | X5: yes
A6: DSCBR 22 Servers Migration to NAS | B6: =VLOOKUP('Project documentation'!A6,'Project List 2026'!B:E,2,0) -> Americas | C6: =VLOOKUP(A6,'Project List 2026'!B:I,4,0) -> Carlos Crawford | D6: =VLOOKUP(A6,'Project List 2026'!B:F,5,0) -> External | E6: =VLOOKUP(A6,'Project List 2026'!B:L,11,0) -> DSC | F6: Ongoing | G6: yes | H6: 46132 | J6: yes | K6: yes | L6: PJ20252402
A7: DSCUS IOT 3rd Party Management 5 Sites P | B7: =VLOOKUP('Project documentation'!A7,'Project List 2026'!B:E,2,0) -> Americas | C7: =VLOOKUP(A7,'Project List 2026'!B:I,4,0) -> Daniela Ocampo | D7: =VLOOKUP(A7,'Project List 2026'!B:F,5,0) -> External | E7: =VLOOKUP(A7,'Project List 2026'!B:L,11,0) -> DSC | F7: =VLOOKUP(A7,'Project List 2026'!B:I,8,0) -> Ongoing | G7: yes | H7: 46132 | J7: yes | K7: yes | L7: PJ20252619
A8: ExpAM-16534-UCC Telephony 2024 BR | B8: =VLOOKUP('Project documentation'!A8,'Project List 2026'!B:E,2,0) -> Americas | C8: =VLOOKUP(A8,'Project List 2026'!B:I,4,0) -> Daniela Ocampo | D8: =VLOOKUP(A8,'Project List 2026'!B:F,5,0) -> External | E8: =VLOOKUP(A8,'Project List 2026'!B:L,11,0) -> EXP | F8: =VLOOKUP(A8,'Project List 2026'!B:I,8,0) -> Completed | G8: not required | J8: not required | K8: not required | L8: not required | M8: not required | O8: not required
A9: EXP AM JFK SATS – SCADA | B9: =VLOOKUP('Project documentation'!A9,'Project List 2026'!B:E,2,0) -> Americas | C9: =VLOOKUP(A9,'Project List 2026'!B:I,4,0) -> Daniela Ocampo | D9: =VLOOKUP(A9,'Project List 2026'!B:F,5,0) -> External | E9: =VLOOKUP(A9,'Project List 2026'!B:L,11,0) -> EXP | F9: =VLOOKUP(A9,'Project List 2026'!B:I,8,0) -> Completed | G9: not required | J9: not required | K9: not required | L9: not required | M9: not required | O9: not required
A10: ExpAM UCC Telephony | B10: =VLOOKUP('Project documentation'!A10,'Project List 2026'!B:E,2,0) -> Americas | C10: =VLOOKUP(A10,'Project List 2026'!B:I,4,0) -> Daniela Ocampo | D10: =VLOOKUP(A10,'Project List 2026'!B:F,5,0) -> External | E10: =VLOOKUP(A10,'Project List 2026'!B:L,11,0) -> EXP | F10: =VLOOKUP(A10,'Project List 2026'!B:I,8,0) -> Ongoing | G10: not required | J10: not required | K10: not required | L10: not required | M10: not required | O10: not required
A11: DSCUS Transport GovCloud Enclave BUILD P | B11: =VLOOKUP('Project documentation'!A11,'Project List 2026'!B:E,2,0) -> Americas | C11: =VLOOKUP(A11,'Project List 2026'!B:I,4,0) -> Dayanna Abarca | D11: =VLOOKUP(A11,'Project List 2026'!B:F,5,0) -> External | E11: =VLOOKUP(A11,'Project List 2026'!B:L,11,0) -> DSC | F11: =VLOOKUP(A11,'Project List 2026'!B:I,8,0) -> Ongoing | G11: yes | H11: 46052 | J11: yes | K11: yes | L11: PJ20251428 | M11: yes | R11: Zdenek Suchel
A12: DSCUS Inmar - Transition to DHL Standard | B12: =VLOOKUP('Project documentation'!A12,'Project List 2026'!B:E,2,0) -> Americas | C12: =VLOOKUP(A12,'Project List 2026'!B:I,4,0) -> William Exham | D12: =VLOOKUP(A12,'Project List 2026'!B:F,5,0) -> External | E12: =VLOOKUP(A12,'Project List 2026'!B:L,11,0) -> DSC | F12: =VLOOKUP(A12,'Project List 2026'!B:I,8,0) -> Ongoing | G12: yes | H12: 46052 | J12: yes | K12: yes | L12: PJ20251543 | Q12: Hosting | R12: Barbora Vesela | V12: yes | Z12: yes
A13: Private Cloud 2.0 - Phase 1 | B13: =VLOOKUP('Project documentation'!A13,'Project List 2026'!B:E,2,0) -> APAC | C13: =VLOOKUP(A13,'Project List 2026'!B:I,4,0) -> Daniel Lai | D13: =VLOOKUP(A13,'Project List 2026'!B:F,5,0) -> Internal | E13: =VLOOKUP(A13,'Project List 2026'!B:L,11,0) -> ITS | F13: =VLOOKUP(A13,'Project List 2026'!B:I,8,0) -> Completed | G13: yes | J13: yes | K13: yes | L13: yes | M13: In Progress | O13: In Progress | R13: Jan Havel | S13: yes | U13: yes
A14: Private Cloud 2.0 - Phase 2 | B14: =VLOOKUP('Project documentation'!A14,'Project List 2026'!B:E,2,0) -> APAC | C14: =VLOOKUP(A14,'Project List 2026'!B:I,4,0) -> Daniel Lai | D14: =VLOOKUP(A14,'Project List 2026'!B:F,5,0) -> Internal | E14: =VLOOKUP(A14,'Project List 2026'!B:L,11,0) -> ITS | F14: =VLOOKUP(A14,'Project List 2026'!B:I,8,0) -> Ongoing | G14: In Progress | H14: 46178 | I14: 46209 | J14: In Progress | K14: yes | L14: PJ20260357 | Q14: Hosting | R14: Amitabh | S14: yes | W14: yes
A15: EXP GL Resilience 2.0_ISQ_Automation | B15: =VLOOKUP('Project documentation'!A15,'Project List 2026'!B:E,2,0) -> APAC | C15: =VLOOKUP(A15,'Project List 2026'!B:I,4,0) -> Lisette Fincke | D15: =VLOOKUP(A15,'Project List 2026'!B:F,5,0) -> External | E15: =VLOOKUP(A15,'Project List 2026'!B:L,11,0) -> EXP | F15: =VLOOKUP(A15,'Project List 2026'!B:I,8,0) -> Ongoing | G15: yes | J15: yes | K15: yes | L15: PJ20241298 | Q15: Hosting | R15: Adrian Apthorp | W15: yes | Y15: yes
A16: FreeRadius Sunset | B16: =VLOOKUP('Project documentation'!A16,'Project List 2026'!B:E,2,0) -> APAC | C16: =VLOOKUP(A16,'Project List 2026'!B:I,4,0) -> Lisette Fincke | D16: =VLOOKUP(A16,'Project List 2026'!B:F,5,0) -> Internal | E16: =VLOOKUP(A16,'Project List 2026'!B:L,11,0) -> ITS | F16: =VLOOKUP(A16,'Project List 2026'!B:I,8,0) -> Ongoing | G16: not required | J16: not required | K16: not required | L16: not required | M16: not required | O16: not required | AA16: Lis is only receiving eTime for this project.
A17: ITS Infosec Program management | B17: =VLOOKUP('Project documentation'!A17,'Project List 2026'!B:E,2,0) -> APAC | C17: =VLOOKUP(A17,'Project List 2026'!B:I,4,0) -> Muhammad Yusry | D17: =VLOOKUP(A17,'Project List 2026'!B:F,5,0) -> Internal | E17: =VLOOKUP(A17,'Project List 2026'!B:L,11,0) -> ITS | F17: =VLOOKUP(A17,'Project List 2026'!B:I,8,0) -> Completed | G17: yes | J17: yes | K17: not required | L17: not required | M17: yes | O17: yes
A18: DSCAP-Windows_2016_EOS_Assessment | B18: =VLOOKUP('Project documentation'!A18,'Project List 2026'!B:E,2,0) -> APAC | C18: =VLOOKUP(A18,'Project List 2026'!B:I,4,0) -> Muhammad Yusry | D18: =VLOOKUP(A18,'Project List 2026'!B:F,5,0) -> External | E18: =VLOOKUP(A18,'Project List 2026'!B:L,11,0) -> DSC | F18: =VLOOKUP(A18,'Project List 2026'!B:I,8,0) -> Completed | G18: yes | K18: yes | L18: PJ20252307 | M18: yes | O18: In Progress | R18: Alvin Ho
A19: SPCS Managed Service – Transition from Cloud4C to ITS | B19: =VLOOKUP('Project documentation'!A19,'Project List 2026'!B:E,2,0) -> APAC | C19: =VLOOKUP(A19,'Project List 2026'!B:I,4,0) -> Muhammad Yusry | D19: =VLOOKUP(A19,'Project List 2026'!B:F,5,0) -> Internal | E19: =VLOOKUP(A19,'Project List 2026'!B:L,11,0) -> ITS | F19: =VLOOKUP(A19,'Project List 2026'!B:I,8,0) -> Ongoing | G19: In Progress | H19: 46185 | J19: In Progress | K19: yes | L19: PJ20260684 | M19: In Progress | R19: Jan Havel
A20: DC Fortigate Refresh 2nd Phase- GLOBAL | B20: =VLOOKUP('Project documentation'!A20,'Project List 2026'!B:E,2,0) -> APAC | C20: =VLOOKUP(A20,'Project List 2026'!B:I,4,0) -> Muhammad Yusry | D20: =VLOOKUP(A20,'Project List 2026'!B:F,5,0) -> Internal | E20: =VLOOKUP(A20,'Project List 2026'!B:L,11,0) -> ITS | F20: =VLOOKUP(A20,'Project List 2026'!B:I,8,0) -> Ongoing | G20: In Progress | H20: 46185 | J20: In Progress | K20: not required | L20: PJ20260240 | M20: In Progress | R20: Sannil Walson
A21: AP UCC Implementations | B21: =VLOOKUP('Project documentation'!A21,'Project List 2026'!B:E,2,0) -> APAC | C21: =VLOOKUP(A21,'Project List 2026'!B:I,4,0) -> Muthu Ramasamy | D21: =VLOOKUP(A21,'Project List 2026'!B:F,5,0) -> External | E21: =VLOOKUP(A21,'Project List 2026'!B:L,11,0) -> Multiple | F21: =VLOOKUP(A21,'Project List 2026'!B:I,8,0) -> Ongoing | G21: not required | J21: not required | K21: not required | L21: Multiple | M21: not required | O21: not required | AA21: DWS
A22: ExpMena-17127-DHCP Migration | B22: =VLOOKUP('Project documentation'!A22,'Project List 2026'!B:E,2,0) -> APAC | C22: =VLOOKUP(A22,'Project List 2026'!B:I,4,0) -> Muthu Ramasamy | D22: =VLOOKUP(A22,'Project List 2026'!B:F,5,0) -> External | E22: =VLOOKUP(A22,'Project List 2026'!B:L,11,0) -> EXP | F22: =VLOOKUP(A22,'Project List 2026'!B:I,8,0) -> Ongoing | G22: In Progress | H22: 46203 | J22: In Progress | K22: yes | L22: PJ20260217 | M22: In Progress
A23: ExpEU-17125- Spain DHCP Migration | B23: =VLOOKUP('Project documentation'!A23,'Project List 2026'!B:E,2,0) -> APAC | C23: =VLOOKUP(A23,'Project List 2026'!B:I,4,0) -> Muthu Ramasamy | D23: =VLOOKUP(A23,'Project List 2026'!B:F,5,0) -> External | E23: =VLOOKUP(A23,'Project List 2026'!B:L,11,0) -> EXP | F23: =VLOOKUP(A23,'Project List 2026'!B:I,8,0) -> Completed | G23: In Progress | H23: 46203 | J23: In Progress | K23: yes | L23: PJ20260128 | M23: In Progress
A24: Red Hat Ansible Deployment for ITS Servers | B24: =VLOOKUP('Project documentation'!A24,'Project List 2026'!B:E,2,0) -> APAC | C24: =VLOOKUP(A24,'Project List 2026'!B:I,4,0) -> Prosen Chandra | D24: =VLOOKUP(A24,'Project List 2026'!B:F,5,0) -> Internal | E24: =VLOOKUP(A24,'Project List 2026'!B:L,11,0) -> ITS | F24: =VLOOKUP(A24,'Project List 2026'!B:I,8,0) -> Ongoing | G24: yes | J24: yes | K24: yes | L24: PJ20240296 | M24: In Progress | Q24: Hosting | R24: Vit Rocek | S24: yes | U24: yes | W24: yes | Y24: yes
A25: Global consistent monitoring and Test servers monitoring | B25: =VLOOKUP('Project documentation'!A25,'Project List 2026'!B:E,2,0) -> APAC | C25: =VLOOKUP(A25,'Project List 2026'!B:I,4,0) -> Prosen Chandra | D25: =VLOOKUP(A25,'Project List 2026'!B:F,5,0) -> Internal | E25: =VLOOKUP(A25,'Project List 2026'!B:L,11,0) -> ITS | F25: =VLOOKUP(A25,'Project List 2026'!B:I,8,0) -> Completed | G25: yes | J25: yes | K25: not required | L25: yes | M25: yes | O25: yes
A26: Openshift integration into Netbackup | B26: =VLOOKUP('Project documentation'!A26,'Project List 2026'!B:E,2,0) -> #N/A | C26: =VLOOKUP(A26,'Project List 2026'!B:I,4,0) -> #N/A | D26: =VLOOKUP(A26,'Project List 2026'!B:F,5,0) -> #N/A | E26: =VLOOKUP(A26,'Project List 2026'!B:L,11,0) -> #N/A | F26: =VLOOKUP(A26,'Project List 2026'!B:I,8,0) -> #N/A | G26: yes | J26: yes | K26: not required | L26: PJ20240068 | M26: In Progress | Q26: Hosting | R26: Ondrej Svoboda | W26: yes
A27: Exchange Downgrade and Cloud Readiness | B27: =VLOOKUP('Project documentation'!A27,'Project List 2026'!B:E,2,0) -> #N/A | C27: =VLOOKUP(A27,'Project List 2026'!B:I,4,0) -> #N/A | D27: =VLOOKUP(A27,'Project List 2026'!B:F,5,0) -> #N/A | E27: =VLOOKUP(A27,'Project List 2026'!B:L,11,0) -> #N/A | F27: =VLOOKUP(A27,'Project List 2026'!B:I,8,0) -> #N/A | G27: not required | J27: not required | K27: not required | M27: not required | O27: not required | AA27: DWS
A28: M365 Tenant Configuration Backup & Recovery | B28: =VLOOKUP('Project documentation'!A28,'Project List 2026'!B:E,2,0) -> APAC | C28: =VLOOKUP(A28,'Project List 2026'!B:I,4,0) -> Ruthie Buenafe | D28: =VLOOKUP(A28,'Project List 2026'!B:F,5,0) -> Internal | E28: =VLOOKUP(A28,'Project List 2026'!B:L,11,0) -> ITS | F28: =VLOOKUP(A28,'Project List 2026'!B:I,8,0) -> Ongoing | G28: not required | J28: not required | K28: not required | M28: not required | O28: not required | AA28: DWS
A29: DGF-CN-HK-RIM-HOSTING Tech Refresh | B29: =VLOOKUP('Project documentation'!A29,'Project List 2026'!B:E,2,0) -> APAC | C29: =VLOOKUP(A29,'Project List 2026'!B:I,4,0) -> Saranyah Vairavan | D29: =VLOOKUP(A29,'Project List 2026'!B:F,5,0) -> External | E29: =VLOOKUP(A29,'Project List 2026'!B:L,11,0) -> DGFF | F29: =VLOOKUP(A29,'Project List 2026'!B:I,8,0) -> Ongoing | G29: yes | J29: In Progress | K29: yes | L29: PJ20251765 | M29: In Progress | Q29: Hosting | R29: Zdenek Novotny | Y29: yes
A30: DSC-GSL-B-SeLECT-Emulator migration-ITPM | B30: =VLOOKUP('Project documentation'!A30,'Project List 2026'!B:E,2,0) -> APAC | C30: =VLOOKUP(A30,'Project List 2026'!B:I,4,0) -> Saranyah Vairavan | D30: =VLOOKUP(A30,'Project List 2026'!B:F,5,0) -> External | E30: =VLOOKUP(A30,'Project List 2026'!B:L,11,0) -> DSC | F30: =VLOOKUP(A30,'Project List 2026'!B:I,8,0) -> Completed | G30: yes | J30: yes | K30: yes | L30: yes
A31: DSC-GSL-B-SeLECT-Emulator migration -ELR | B31: =VLOOKUP('Project documentation'!A31,'Project List 2026'!B:E,2,0) -> APAC | C31: =VLOOKUP(A31,'Project List 2026'!B:I,4,0) -> Saranyah Vairavan | D31: =VLOOKUP(A31,'Project List 2026'!B:F,5,0) -> External | E31: =VLOOKUP(A31,'Project List 2026'!B:L,11,0) -> DSC | F31: =VLOOKUP(A31,'Project List 2026'!B:I,8,0) -> Completed
A32: DGFF-AP-DGF-HK-RIM-HOSTING Tradelink 202 | B32: APAC | C32: =VLOOKUP(A32,'Project List 2026'!B:I,4,0) -> Saranyah Vairavan | D32: =VLOOKUP(A32,'Project List 2026'!B:F,5,0) -> External | E32: =VLOOKUP(A32,'Project List 2026'!B:L,11,0) -> DGFF | F32: =VLOOKUP(A32,'Project List 2026'!B:I,8,0) -> Ongoing | G32: yes | J32: In Progress | L32: PJ20252762 | M32: In Progress | Q32: Hosting
A33: DSC FR - Infolog upgrade IT PM | B33: =VLOOKUP('Project documentation'!A33,'Project List 2026'!B:E,2,0) -> Hosting | C33: =VLOOKUP(A33,'Project List 2026'!B:I,4,0) -> Hana Kodatova | D33: =VLOOKUP(A33,'Project List 2026'!B:F,5,0) -> External | E33: =VLOOKUP(A33,'Project List 2026'!B:L,11,0) -> DSC | F33: =VLOOKUP(A33,'Project List 2026'!B:I,8,0) -> Completed | G33: yes | H33: 2025 | J33: yes | K33: yes | L33: PJ20251811 | M33: yes | N33: 2025 | O33: yes | P33: 2025 | R33: Sylvain Lepine | V33: yes
A34: EXP AP Ws2016 OS Refresh - Discovery & Design | B34: APAC | C34: =VLOOKUP(A34,'Project List 2026'!B:I,4,0) -> Saranyah Vairavan | D34: =VLOOKUP(A34,'Project List 2026'!B:F,5,0) -> External | E34: =VLOOKUP(A34,'Project List 2026'!B:L,11,0) -> EXP | F34: Initiation | K34: yes | Q34: Hosting
A35: Secure API Testing - Service Introduction | B35: =VLOOKUP('Project documentation'!A35,'Project List 2026'!B:E,2,0) -> Hosting | C35: =VLOOKUP(A35,'Project List 2026'!B:I,4,0) -> Hana Sinska | D35: =VLOOKUP(A35,'Project List 2026'!B:F,5,0) -> Internal | E35: =VLOOKUP(A35,'Project List 2026'!B:L,11,0) -> ITS | F35: =VLOOKUP(A35,'Project List 2026'!B:I,8,0) -> Ongoing | G35: yes | H35: 46090 | J35: yes | K35: yes | L35: PJ20251996 | M35: yes | Q35: ?
A36: Green Accounting - MVP - Reporting 2024 | B36: =VLOOKUP('Project documentation'!A36,'Project List 2026'!B:E,2,0) -> Hosting | C36: =VLOOKUP(A36,'Project List 2026'!B:I,4,0) -> Hana Sinska | D36: =VLOOKUP(A36,'Project List 2026'!B:F,5,0) -> Internal | E36: =VLOOKUP(A36,'Project List 2026'!B:L,11,0) -> ITS | F36: =VLOOKUP(A36,'Project List 2026'!B:I,8,0) -> On hold | G36: yes | K36: yes | L36: PJ20240627
A37: Discovery Inventory PoC | B37: =VLOOKUP('Project documentation'!A37,'Project List 2026'!B:E,2,0) -> Hosting | C37: =VLOOKUP(A37,'Project List 2026'!B:I,4,0) -> Hana Kodatova | D37: =VLOOKUP(A37,'Project List 2026'!B:F,5,0) -> Internal | E37: =VLOOKUP(A37,'Project List 2026'!B:L,11,0) -> ITS | F37: =VLOOKUP(A37,'Project List 2026'!B:I,8,0) -> Ongoing | G37: yes | H37: 46125 | K37: yes | L37: PJ20260506 | Q37: Hosting | R37: Ales Trekoval | X37: yes | Z37: yes
A38: Storage TR 2026 | B38: =VLOOKUP('Project documentation'!A38,'Project List 2026'!B:E,2,0) -> Hosting | C38: =VLOOKUP(A38,'Project List 2026'!B:I,4,0) -> Hana Kodatova | D38: =VLOOKUP(A38,'Project List 2026'!B:F,5,0) -> Internal | E38: =VLOOKUP(A38,'Project List 2026'!B:L,11,0) -> ITS | F38: =VLOOKUP(A38,'Project List 2026'!B:I,8,0) -> Ongoing | G38: yes | L38: PJ20260327 | Q38: Hosting | R38: Pavel Lipavsky | Y38: yes
A39: Dell Server Onboarding | B39: =VLOOKUP('Project documentation'!A37,'Project List 2026'!B:E,2,0) -> Hosting | C39: =VLOOKUP(A39,'Project List 2026'!B:I,4,0) -> Hana Sinska | D39: =VLOOKUP(A39,'Project List 2026'!B:F,5,0) -> Internal | E39: =VLOOKUP(A39,'Project List 2026'!B:L,11,0) -> ITS | F39: =VLOOKUP(A39,'Project List 2026'!B:I,8,0) -> Ongoing | K39: yes | L39: PJ20261057 | Q39: Hosting | R39: Jan Havel | X39: yes
A40: PoC - BMC - OpenShift onboarding | B40: =VLOOKUP('Project documentation'!A40,'Project List 2026'!B:E,2,0) -> Hosting | C40: =VLOOKUP(A40,'Project List 2026'!B:I,4,0) -> Ivan Godunov | D40: =VLOOKUP(A40,'Project List 2026'!B:F,5,0) -> Internal | E40: =VLOOKUP(A40,'Project List 2026'!B:L,11,0) -> ITS | F40: =VLOOKUP(A40,'Project List 2026'!B:I,8,0) -> Completed | G40: yes | H40: 46090 | J40: yes | K40: not required | L40: not required
A41: UES ITS Managed Server | B41: =VLOOKUP('Project documentation'!A41,'Project List 2026'!B:E,2,0) -> Hosting | C41: =VLOOKUP(A41,'Project List 2026'!B:I,4,0) -> Ivan Godunov | D41: =VLOOKUP(A41,'Project List 2026'!B:F,5,0) -> Internal | E41: =VLOOKUP(A41,'Project List 2026'!B:L,11,0) -> ITS | F41: =VLOOKUP(A41,'Project List 2026'!B:I,8,0) -> Ongoing | J41: not required | K41: not required | L41: not required
A42: Internal servers EOL | B42: =VLOOKUP('Project documentation'!A38,'Project List 2026'!B:E,2,0) -> Hosting | C42: =VLOOKUP(A42,'Project List 2026'!B:I,4,0) -> Hana Sinska | D42: =VLOOKUP(A42,'Project List 2026'!B:F,5,0) -> Internal | E42: =VLOOKUP(A42,'Project List 2026'!B:L,11,0) -> ITS | F42: =VLOOKUP(A42,'Project List 2026'!B:I,8,0) -> Ongoing | K42: yes | L42: PJ20250912 | Q42: Hosting | R42: Barbora Vesela | V42: yes | Y42: yes
A43: GWSS 2.0 | B43: =VLOOKUP('Project documentation'!A39,'Project List 2026'!B:E,2,0) -> Hosting | C43: =VLOOKUP(A43,'Project List 2026'!B:I,4,0) -> Henrieta Schotzova | D43: =VLOOKUP(A43,'Project List 2026'!B:F,5,0) -> External | E43: =VLOOKUP(A43,'Project List 2026'!B:L,11,0) -> EXP | F43: =VLOOKUP(A43,'Project List 2026'!B:I,8,0) -> Ongoing | G43: yes | K43: yes | L43: PJ20250919 | Q43: Hosting | R43: Henrieta Scholtzova
A44: Ops Security Portal2.0 | B44: =VLOOKUP('Project documentation'!A44,'Project List 2026'!B:E,2,0) -> Hosting | C44: =VLOOKUP(A44,'Project List 2026'!B:I,4,0) -> Jan Truksa | D44: =VLOOKUP(A44,'Project List 2026'!B:F,5,0) -> Internal | E44: =VLOOKUP(A44,'Project List 2026'!B:L,11,0) -> ITS | F44: =VLOOKUP(A44,'Project List 2026'!B:I,8,0) -> On hold
A45: Resilient Operations | B45: =VLOOKUP('Project documentation'!A42,'Project List 2026'!B:E,2,0) -> Hosting | C45: =VLOOKUP(A45,'Project List 2026'!B:I,4,0) -> Ivan Godunov | D45: =VLOOKUP(A45,'Project List 2026'!B:F,5,0) -> Internal | E45: =VLOOKUP(A45,'Project List 2026'!B:L,11,0) -> ITS | F45: =VLOOKUP(A45,'Project List 2026'!B:I,8,0) -> Ongoing | G45: yes | H45: 46167 | J45: yes | L45: PJ20261090 | Q45: Hosting | R45: Youssef Choueiry | X45: yes | Z45: yes
A46: Automated Deployment v2 - 2026 SEF | B46: =VLOOKUP('Project documentation'!A43,'Project List 2026'!B:E,2,0) -> Hosting | C46: =VLOOKUP(A46,'Project List 2026'!B:I,4,0) -> Jan Truksa | D46: =VLOOKUP(A46,'Project List 2026'!B:F,5,0) -> Internal | E46: =VLOOKUP(A46,'Project List 2026'!B:L,11,0) -> ITS | F46: =VLOOKUP(A46,'Project List 2026'!B:I,8,0) -> On hold | G46: yes | J46: yes | K46: yes | L46: PJ20260223 | M46: Ongoing | Q46: Hosting | R46: Svetozar Galik | S46: yes | V46: yes
A47: Automated Deployment v1 | B47: =VLOOKUP('Project documentation'!A45,'Project List 2026'!B:E,2,0) -> Hosting | C47: =VLOOKUP(A47,'Project List 2026'!B:I,4,0) -> Jan Truksa | D47: =VLOOKUP(A47,'Project List 2026'!B:F,5,0) -> Internal | E47: =VLOOKUP(A47,'Project List 2026'!B:L,11,0) -> ITS | F47: =VLOOKUP(A47,'Project List 2026'!B:I,8,0) -> On hold | G47: yes | H47: 46073 | J47: yes | K47: yes | L47: PJ20250006 | M47: Ongoing | Q47: Hosting | R47: Svetozar Galik | U47: yes | W47: yes | X47: yes
A48: EXP-AP-SATS-B-PM Resource 2026 | B48: =VLOOKUP('Project documentation'!A48,'Project List 2026'!B:E,2,0) -> Hosting | C48: =VLOOKUP(A48,'Project List 2026'!B:I,4,0) -> Katerina Soukupova | D48: =VLOOKUP(A48,'Project List 2026'!B:F,5,0) -> External | E48: =VLOOKUP(A48,'Project List 2026'!B:L,11,0) -> EXP | F48: =VLOOKUP(A48,'Project List 2026'!B:I,8,0) -> Ongoing | G48: RACI uploaded | H48: 46104 | J48: not required | K48: yes | L48: not required | M48: not required
A49: EXP EU Ws2016 OS R. - Server Refresh | B49: =VLOOKUP('Project documentation'!A46,'Project List 2026'!B:E,2,0) -> Hosting | C49: =VLOOKUP(A49,'Project List 2026'!B:I,4,0) -> Jana Veberova | D49: =VLOOKUP(A49,'Project List 2026'!B:F,5,0) -> External | E49: =VLOOKUP(A49,'Project List 2026'!B:L,11,0) -> EXP | F49: =VLOOKUP(A49,'Project List 2026'!B:I,8,0) -> Ongoing | G49: yes | H49: 46073 | J49: yes | K49: yes | L49: PJ20252692 | M49: Ongoing | Q49: Hosting | R49: Marco Balestra | U49: yes | W49: yes | Y49: yes
A50: DSC DE - RIM Blue. | B50: =VLOOKUP('Project documentation'!A47,'Project List 2026'!B:E,2,0) -> Hosting | C50: =VLOOKUP(A50,'Project List 2026'!B:I,4,0) -> Jana Veberova | D50: =VLOOKUP(A50,'Project List 2026'!B:F,5,0) -> External | E50: =VLOOKUP(A50,'Project List 2026'!B:L,11,0) -> DSC | F50: =VLOOKUP(A50,'Project List 2026'!B:I,8,0) -> Completed | G50: yes | J50: yes | K50: yes | L50: PJ20251673 | M50: Ongoing | Q50: Hosting | R50: Sammy Abu Shab
A51: Antimalware Gateway Replacement | B51: =VLOOKUP('Project documentation'!A49,'Project List 2026'!B:E,2,0) -> Hosting | C51: =VLOOKUP(A51,'Project List 2026'!B:I,4,0) -> Kristina Fojtkova | D51: =VLOOKUP(A51,'Project List 2026'!B:F,5,0) -> Internal | E51: =VLOOKUP(A51,'Project List 2026'!B:L,11,0) -> ITS | F51: =VLOOKUP(A51,'Project List 2026'!B:I,8,0) -> Ongoing | G51: yes | H51: 46178 | I51: 46209 | K51: yes | L51: PJ20261150 | Q51: Hosting | R51: Youssef Choueiry | S51: yes | Z51: yes
A52: PP R PostIdent Analysis 2025 | B52: =VLOOKUP('Project documentation'!A50,'Project List 2026'!B:E,2,0) -> Hosting | C52: =VLOOKUP(A52,'Project List 2026'!B:I,4,0) -> Kristina Fojtkova | D52: =VLOOKUP(A52,'Project List 2026'!B:F,5,0) -> External | E52: =VLOOKUP(A52,'Project List 2026'!B:L,11,0) -> P&P | F52: =VLOOKUP(A52,'Project List 2026'!B:I,8,0) -> Completed | G52: not required | J52: not required | K52: yes | M52: not required | O52: not required | Q52: Hosting
A53: DGFF WS2016 - Discovery & Design | B53: =VLOOKUP('Project documentation'!A51,'Project List 2026'!B:E,2,0) -> Hosting | C53: =VLOOKUP(A53,'Project List 2026'!B:I,4,0) -> Michel de Heij | D53: =VLOOKUP(A53,'Project List 2026'!B:F,5,0) -> External | E53: =VLOOKUP(A53,'Project List 2026'!B:L,11,0) -> DGFF | F53: =VLOOKUP(A53,'Project List 2026'!B:I,8,0) -> Ongoing | Q53: Hosting | R53: Barbora Vesela
A54: DPAM Run | B54: =VLOOKUP('Project documentation'!A54,'Project List 2026'!B:E,2,0) -> Hosting | C54: =VLOOKUP(A54,'Project List 2026'!B:I,4,0) -> Neeraja Duddu | D54: =VLOOKUP(A54,'Project List 2026'!B:F,5,0) -> Internal | E54: =VLOOKUP(A54,'Project List 2026'!B:L,11,0) -> ITS | F54: =VLOOKUP(A54,'Project List 2026'!B:I,8,0) -> Ongoing | G54: not required | J54: not required | K54: not required | L54: not required | M54: not required | O54: not required
A55: DSC Project coordination | B55: =VLOOKUP('Project documentation'!A55,'Project List 2026'!B:E,2,0) -> Hosting | C55: =VLOOKUP(A55,'Project List 2026'!B:I,4,0) -> Sona Rackova | D55: =VLOOKUP(A55,'Project List 2026'!B:F,5,0) -> External | E55: =VLOOKUP(A55,'Project List 2026'!B:L,11,0) -> DSC | F55: =VLOOKUP(A55,'Project List 2026'!B:I,8,0) -> Ongoing | G55: not required | J55: not required | K55: not required | L55: not required | M55: not required | O55: not required
A56: Data Security Platform(DSP) | B56: =VLOOKUP('Project documentation'!A52,'Project List 2026'!B:E,2,0) -> Hosting | C56: =VLOOKUP(A56,'Project List 2026'!B:I,4,0) -> Neeraja Duddu | D56: =VLOOKUP(A56,'Project List 2026'!B:F,5,0) -> Internal | E56: =VLOOKUP(A56,'Project List 2026'!B:L,11,0) -> ITS | F56: =VLOOKUP(A56,'Project List 2026'!B:I,8,0) -> Completed | G56: yes | H56: 2025 | J56: yes | K56: yes | L56: PJ20251532 | M56: Ongoing | Q56: Hosting | R56: Youssef Choueiry | V56: yes
A57: DSC NORAM - SOC Support 2026 | B57: =VLOOKUP('Project documentation'!A57,'Project List 2026'!B:E,2,0) -> Hosting | C57: =VLOOKUP(A57,'Project List 2026'!B:I,4,0) -> Sona Rackova | D57: =VLOOKUP(A57,'Project List 2026'!B:F,5,0) -> External | E57: =VLOOKUP(A57,'Project List 2026'!B:L,11,0) -> DSC | F57: =VLOOKUP(A57,'Project List 2026'!B:I,8,0) -> Ongoing | G57: not required | J57: not required | K57: yes | L57: not required | M57: not required | O57: not required
A58: DeC GHO TR TR IBM API Gateway Analysis | B58: =VLOOKUP('Project documentation'!A58,'Project List 2026'!B:E,2,0) -> Hosting | C58: =VLOOKUP(A58,'Project List 2026'!B:I,4,0) -> Sona Rackova | D58: =VLOOKUP(A58,'Project List 2026'!B:F,5,0) -> External | E58: =VLOOKUP(A58,'Project List 2026'!B:L,11,0) -> DeC | F58: =VLOOKUP(A58,'Project List 2026'!B:I,8,0) -> Completed | G58: not required | J58: not required | K58: not required | L58: not required | M58: not required | O58: not required
A59: Secret Management | B59: =VLOOKUP('Project documentation'!A53,'Project List 2026'!B:E,2,0) -> Hosting | C59: =VLOOKUP(A59,'Project List 2026'!B:I,4,0) -> Neeraja Duddu | D59: =VLOOKUP(A59,'Project List 2026'!B:F,5,0) -> Internal | E59: =VLOOKUP(A59,'Project List 2026'!B:L,11,0) -> ITS | F59: =VLOOKUP(A59,'Project List 2026'!B:I,8,0) -> Initiation | Q59: Hosting | R59: Youssef Choueiry
A60: IPv6 - IS part | B60: =VLOOKUP('Project documentation'!A60,'Project List 2026'!B:E,2,0) -> Hosting | C60: =VLOOKUP(A60,'Project List 2026'!B:I,4,0) -> Zlata Benesova | D60: =VLOOKUP(A60,'Project List 2026'!B:F,5,0) -> Internal | E60: =VLOOKUP(A60,'Project List 2026'!B:L,11,0) -> ITS | F60: =VLOOKUP(A60,'Project List 2026'!B:I,8,0) -> Cancelled | G60: yes | H60: 46073 | J60: yes | K60: yes | L60: yes | M60: yes
A61: LAN CONNECTIVITY | B61: =VLOOKUP('Project documentation'!A61,'Project List 2026'!B:E,2,0) -> Telecoms | C61: =VLOOKUP(A61,'Project List 2026'!B:I,4,0) -> Alina Nosulych | D61: =VLOOKUP(A61,'Project List 2026'!B:F,5,0) -> Internal | E61: =VLOOKUP(A61,'Project List 2026'!B:L,11,0) -> ITS | F61: =VLOOKUP(A61,'Project List 2026'!B:I,8,0) -> Ongoing | G61: not required | J61: not required | K61: not required | L61: not required | M61: not required | O61: not required | AA61: Allocation only
A62: F5 BIG-IP EOSL Refresh - GLOBAL | B62: =VLOOKUP('Project documentation'!A62,'Project List 2026'!B:E,2,0) -> Telecoms | C62: =VLOOKUP(A62,'Project List 2026'!B:I,4,0) -> Alina Nosulych | D62: =VLOOKUP(A62,'Project List 2026'!B:F,5,0) -> Internal | E62: =VLOOKUP(A62,'Project List 2026'!B:L,11,0) -> ITS | F62: =VLOOKUP(A62,'Project List 2026'!B:I,8,0) -> Ongoing | G62: yes | H62: 46184 | J62: yes | K62: yes | L62: PJ20252507 | M62: In Progress | O62: In Progress | Q62: Telecoms | R62: Jaroslav Kic
A63: Central FAX migration to eFAX | B63: =VLOOKUP('Project documentation'!A63,'Project List 2026'!B:E,2,0) -> Telecoms | C63: =VLOOKUP(A63,'Project List 2026'!B:I,4,0) -> Alina Nosulych | D63: =VLOOKUP(A63,'Project List 2026'!B:F,5,0) -> Internal | E63: =VLOOKUP(A63,'Project List 2026'!B:L,11,0) -> Multiple | F63: =VLOOKUP(A63,'Project List 2026'!B:I,8,0) -> Completed | G63: yes | H63: 46184 | J63: yes | K63: not required | L63: PJ20260165 | M63: In Progress | O63: In Progress | Q63: Telecoms | R63: Noor Suraya Sanusi
A64: Presales - EXP Central Management | B64: =VLOOKUP('Project documentation'!A64,'Project List 2026'!B:E,2,0) -> Telecoms | C64: =VLOOKUP(A64,'Project List 2026'!B:I,4,0) -> Alina Nosulych | D64: =VLOOKUP(A64,'Project List 2026'!B:F,5,0) -> Internal | E64: =VLOOKUP(A64,'Project List 2026'!B:L,11,0) -> EXP | F64: =VLOOKUP(A64,'Project List 2026'!B:I,8,0) -> Ongoing | G64: not required | J64: not required | K64: not required | L64: not required | M64: not required | O64: not required | AA64: Allocation only
A65: Cookies and DSAR management | B65: =VLOOKUP('Project documentation'!A65,'Project List 2026'!B:E,2,0) -> Telecoms | C65: =VLOOKUP(A65,'Project List 2026'!B:I,4,0) -> Andrea Stratilova | D65: =VLOOKUP(A65,'Project List 2026'!B:F,5,0) -> Internal | E65: =VLOOKUP(A65,'Project List 2026'!B:L,11,0) -> Multiple | F65: =VLOOKUP(A65,'Project List 2026'!B:I,8,0) -> Ongoing | G65: yes | H65: 46178 | J65: yes | L65: PJ20252033 | M65: In Progress | O65: In Progress | Q65: Telecoms | R65: Michal Levak
A66: Demand Management (Whitelisting for ZPA and Cloud Proxy Service) | B66: =VLOOKUP('Project documentation'!A66,'Project List 2026'!B:E,2,0) -> Telecoms | C66: =VLOOKUP(A66,'Project List 2026'!B:I,4,0) -> Andrea Stratilova | D66: =VLOOKUP(A66,'Project List 2026'!B:F,5,0) -> Internal | E66: =VLOOKUP(A66,'Project List 2026'!B:L,11,0) -> ITS | F66: =VLOOKUP(A66,'Project List 2026'!B:I,8,0) -> Ongoing | G66: not required | J66: not required | K66: not required | L66: not required | M66: not required | O66: not required | AA66: Allocation only
A67: NGFW Proposals (DSC, ….) | B67: =VLOOKUP('Project documentation'!A67,'Project List 2026'!B:E,2,0) -> Telecoms | C67: =VLOOKUP(A67,'Project List 2026'!B:I,4,0) -> Andrea Stratilova | D67: =VLOOKUP(A67,'Project List 2026'!B:F,5,0) -> Internal | E67: =VLOOKUP(A67,'Project List 2026'!B:L,11,0) -> Multiple | F67: =VLOOKUP(A67,'Project List 2026'!B:I,8,0) -> Ongoing | G67: not required | J67: not required | K67: not required | L67: not required | M67: not required | O67: not required | AA67: Proposal creation
A68: DNS and Domain Transformation | B68: =VLOOKUP('Project documentation'!A68,'Project List 2026'!B:E,2,0) -> Telecoms | C68: =VLOOKUP(A68,'Project List 2026'!B:I,4,0) -> Dilyara Zeletdinova | D68: =VLOOKUP(A68,'Project List 2026'!B:F,5,0) -> Internal | E68: =VLOOKUP(A68,'Project List 2026'!B:L,11,0) -> Multiple | F68: =VLOOKUP(A68,'Project List 2026'!B:I,8,0) -> Ongoing | G68: yes | H68: 46181 | I68: 46209 | J68: In Progress | K68: yes | L68: PJ20260752 | M68: In Progress | O68: In Progress | Q68: Telecoms | R68: Michal Levak | S68: yes
A69: Secure Access Portal Process and Architecture Modernization (ELM) | B69: =VLOOKUP('Project documentation'!A69,'Project List 2026'!B:E,2,0) -> Telecoms | C69: =VLOOKUP(A69,'Project List 2026'!B:I,4,0) -> Dilyara Zeletdinova | D69: =VLOOKUP(A69,'Project List 2026'!B:F,5,0) -> Internal | E69: =VLOOKUP(A69,'Project List 2026'!B:L,11,0) -> ITS | F69: On hold | Q69: Telecoms | AA69: ON HOLD
A70: Fully Automated Consequence Management | B70: =VLOOKUP('Project documentation'!A70,'Project List 2026'!B:E,2,0) -> Telecoms | C70: =VLOOKUP(A70,'Project List 2026'!B:I,4,0) -> Dilyara Zeletdinova | D70: =VLOOKUP(A70,'Project List 2026'!B:F,5,0) -> Internal | E70: =VLOOKUP(A70,'Project List 2026'!B:L,11,0) -> ITS | F70: Ongoing | G70: yes | H70: 46184 | J70: In Progress | L70: PJ20260747 | M70: yes | O70: In Progress | Q70: Telecoms | R70: Vladimir Mandic
A71: ExpGB-17047-SECMCO 2025 35 sites V1 | B71: =VLOOKUP('Project documentation'!A71,'Project List 2026'!B:E,2,0) -> Telecoms | C71: =VLOOKUP(A71,'Project List 2026'!B:I,4,0) -> Jan Cesnek | D71: =VLOOKUP(A71,'Project List 2026'!B:F,5,0) -> External | E71: =VLOOKUP(A71,'Project List 2026'!B:L,11,0) -> EXP | F71: =VLOOKUP(A71,'Project List 2026'!B:I,8,0) -> Completed | K71: yes
A72: New NGFW requests | B72: =VLOOKUP('Project documentation'!A72,'Project List 2026'!B:E,2,0) -> Telecoms | C72: =VLOOKUP(A72,'Project List 2026'!B:I,4,0) -> Jan Cesnek | D72: =VLOOKUP(A72,'Project List 2026'!B:F,5,0) -> External | E72: =VLOOKUP(A72,'Project List 2026'!B:L,11,0) -> Multiple | F72: =VLOOKUP(A72,'Project List 2026'!B:I,8,0) -> Ongoing | G72: not required | J72: not required | K72: yes | L72: IP00000384 | M72: not required | O72: not required | Q72: Telecoms | AA72: Nature of project is similar to SATS
A73: DSCUS NGFW & Secure Access 2 Engineers | B73: =VLOOKUP('Project documentation'!A73,'Project List 2026'!B:E,2,0) -> Telecoms | C73: =VLOOKUP(A73,'Project List 2026'!B:I,4,0) -> Jan Cesnek | D73: =VLOOKUP(A73,'Project List 2026'!B:F,5,0) -> External | E73: =VLOOKUP(A73,'Project List 2026'!B:L,11,0) -> DSC | F73: =VLOOKUP(A73,'Project List 2026'!B:I,8,0) -> Ongoing | G73: not required | J73: not required | K73: not required | L73: No | M73: not required | O73: not required | AA73: Body shopping
A74: Netflow solution review - PoC | B74: =VLOOKUP('Project documentation'!A74,'Project List 2026'!B:E,2,0) -> Telecoms | C74: =VLOOKUP(A74,'Project List 2026'!B:I,4,0) -> Jan Ondrak | D74: =VLOOKUP(A74,'Project List 2026'!B:F,5,0) -> Internal | E74: =VLOOKUP(A74,'Project List 2026'!B:L,11,0) -> ITS | F74: =VLOOKUP(A74,'Project List 2026'!B:I,8,0) -> Ongoing | G74: not required | J74: not required | K74: not required | L74: PJ20260015 | M74: not required | O74: not required | Q74: Telecoms | R74: Josef Kasparek
A75: PTV Sites phase 2 | B75: =VLOOKUP('Project documentation'!A75,'Project List 2026'!B:E,2,0) -> Telecoms | C75: =VLOOKUP(A75,'Project List 2026'!B:I,4,0) -> Jan Ondrak | D75: =VLOOKUP(A75,'Project List 2026'!B:F,5,0) -> Internal | E75: =VLOOKUP(A75,'Project List 2026'!B:L,11,0) -> ITS | F75: =VLOOKUP(A75,'Project List 2026'!B:I,8,0) -> Completed | G75: yes | J75: yes | K75: not required | M75: yes | O75: yes | Q75: Telecoms | R75: Zdenek Novotny
A76: Site connectivity | B76: =VLOOKUP('Project documentation'!A76,'Project List 2026'!B:E,2,0) -> Telecoms | C76: =VLOOKUP(A76,'Project List 2026'!B:I,4,0) -> Jan Ondrak | D76: =VLOOKUP(A76,'Project List 2026'!B:F,5,0) -> Internal | E76: =VLOOKUP(A76,'Project List 2026'!B:L,11,0) -> Multiple | F76: =VLOOKUP(A76,'Project List 2026'!B:I,8,0) -> Ongoing | G76: yes | H76: 46203 | J76: In Progress | K76: not required | L76: PJ20260016 | M76: In Progress | O76: In Progress | Q76: Telecoms | R76: David Branik
A77: Global ITS Meraki Service | B77: =VLOOKUP('Project documentation'!A77,'Project List 2026'!B:E,2,0) -> Telecoms | C77: =VLOOKUP(A77,'Project List 2026'!B:I,4,0) -> Jan Ondrak | D77: =VLOOKUP(A77,'Project List 2026'!B:F,5,0) -> Internal | E77: =VLOOKUP(A77,'Project List 2026'!B:L,11,0) -> Multiple | F77: =VLOOKUP(A77,'Project List 2026'!B:I,8,0) -> Ongoing | G77: yes | H77: 46203 | J77: In Progress | K77: not required | L77: PJ20260014 | M77: In Progress | O77: In Progress | Q77: Telecoms | R77: David Branik
A78: ADaM 2.0 GCISO | B78: =VLOOKUP('Project documentation'!A78,'Project List 2026'!B:E,2,0) -> Telecoms | C78: =VLOOKUP(A78,'Project List 2026'!B:I,4,0) -> Jaroslav Kral | D78: =VLOOKUP(A78,'Project List 2026'!B:F,5,0) -> Internal | E78: =VLOOKUP(A78,'Project List 2026'!B:L,11,0) -> Multiple | F78: =VLOOKUP(A78,'Project List 2026'!B:I,8,0) -> Ongoing | G78: yes | J78: In Progress | K78: yes | L78: PJ20260574 | M78: In Progress | O78: In Progress | Q78: Telecoms | R78: Miriam Slusna | AA78: ADAM 3.0
A79: S/MIME certificates transition | B79: =VLOOKUP('Project documentation'!A79,'Project List 2026'!B:E,2,0) -> Telecoms | C79: =VLOOKUP(A79,'Project List 2026'!B:I,4,0) -> Kirill Shabalkin | D79: =VLOOKUP(A79,'Project List 2026'!B:F,5,0) -> Internal | E79: =VLOOKUP(A79,'Project List 2026'!B:L,11,0) -> ITS | F79: =VLOOKUP(A79,'Project List 2026'!B:I,8,0) -> Completed | G79: not required | J79: not required | K79: not required
A80: SecMCO Lite Deployment (154 additional EXP sites) | B80: =VLOOKUP('Project documentation'!A80,'Project List 2026'!B:E,2,0) -> Telecoms | C80: =VLOOKUP(A80,'Project List 2026'!B:I,4,0) -> Kirill Shabalkin | D80: =VLOOKUP(A80,'Project List 2026'!B:F,5,0) -> Internal | E80: =VLOOKUP(A80,'Project List 2026'!B:L,11,0) -> ITS | F80: =VLOOKUP(A80,'Project List 2026'!B:I,8,0) -> On hold | G80: not required | J80: not required | K80: not required | L80: On hold | M80: not required | O80: not required | AA80: ON HOLD
A81: SecMCOv1 to SecMCOv3 Transformation of Premium Hubs | B81: =VLOOKUP('Project documentation'!A81,'Project List 2026'!B:E,2,0) -> Telecoms | C81: =VLOOKUP(A81,'Project List 2026'!B:I,4,0) -> Kirill Shabalkin | D81: =VLOOKUP(A81,'Project List 2026'!B:F,5,0) -> Internal | E81: =VLOOKUP(A81,'Project List 2026'!B:L,11,0) -> ITS | F81: =VLOOKUP(A81,'Project List 2026'!B:I,8,0) -> Ongoing | G81: not required | J81: not required | K81: not required | L81: not required | M81: not required | O81: not required | AA81: Not a project, BAU
A82: GCISO SEF ITS OT Security | B82: =VLOOKUP('Project documentation'!A82,'Project List 2026'!B:E,2,0) -> Telecoms | C82: =VLOOKUP(A82,'Project List 2026'!B:I,4,0) -> Kirill Shabalkin | D82: =VLOOKUP(A82,'Project List 2026'!B:F,5,0) -> Internal | E82: =VLOOKUP(A82,'Project List 2026'!B:L,11,0) -> Multiple | F82: =VLOOKUP(A82,'Project List 2026'!B:I,8,0) -> Ongoing | G82: yes | J82: In Progress | K82: yes | L82: PJ20251799 | M82: In Progress | O82: In Progress | Q82: Telecoms | R82: Jonas Matheus
A83: Unified DDoS | B83: =VLOOKUP('Project documentation'!A83,'Project List 2026'!B:E,2,0) -> Telecoms | C83: =VLOOKUP(A83,'Project List 2026'!B:I,4,0) -> Ludek Houska | D83: =VLOOKUP(A83,'Project List 2026'!B:F,5,0) -> Internal | E83: =VLOOKUP(A83,'Project List 2026'!B:L,11,0) -> ITS | F83: =VLOOKUP(A83,'Project List 2026'!B:I,8,0) -> Ongoing | G83: yes | J83: In Progress | K83: yes | L83: PJ20251199 | M83: In Progress | O83: In Progress | Q83: Telecoms | R83: Przemyslaw Gnyska
A84: Dec IB Celia Network Design Changes | B84: =VLOOKUP('Project documentation'!A84,'Project List 2026'!B:E,2,0) -> Telecoms | C84: =VLOOKUP(A84,'Project List 2026'!B:I,4,0) -> Ludek Houska | D84: =VLOOKUP(A84,'Project List 2026'!B:F,5,0) -> External | E84: =VLOOKUP(A84,'Project List 2026'!B:L,11,0) -> DeC | F84: =VLOOKUP(A84,'Project List 2026'!B:I,8,0) -> Completed
A85: IPv6 Telecoms 2026 | B85: =VLOOKUP('Project documentation'!A85,'Project List 2026'!B:E,2,0) -> Telecoms | C85: =VLOOKUP(A85,'Project List 2026'!B:I,4,0) -> Jaroslav Kral | D85: =VLOOKUP(A85,'Project List 2026'!B:F,5,0) -> Internal | E85: =VLOOKUP(A85,'Project List 2026'!B:L,11,0) -> ITS | F85: =VLOOKUP(A85,'Project List 2026'!B:I,8,0) -> Ongoing | G85: In Progress | H85: 46181 | I85: 46209 | K85: yes | L85: PJ20260901 | Q85: Telecoms | R85: David Branik | S85: yes
A86: Telecom Patching grid | B86: =VLOOKUP('Project documentation'!A86,'Project List 2026'!B:E,2,0) -> Telecoms | C86: =VLOOKUP(A86,'Project List 2026'!B:I,4,0) -> Rene Zamecnik | D86: =VLOOKUP(A86,'Project List 2026'!B:F,5,0) -> Internal | E86: =VLOOKUP(A86,'Project List 2026'!B:L,11,0) -> ITS | F86: =VLOOKUP(A86,'Project List 2026'!B:I,8,0) -> Ongoing | G86: yes | J86: In Progress | K86: yes | L86: PJ20260045 | M86: In Progress | O86: In Progress | Q86: Telecoms | R86: David Branik
A87: Zscaler Cloud Proxy for Blue collar workers | B87: =VLOOKUP('Project documentation'!A87,'Project List 2026'!B:E,2,0) -> Telecoms | C87: =VLOOKUP(A87,'Project List 2026'!B:I,4,0) -> Zied Erebai | D87: =VLOOKUP(A87,'Project List 2026'!B:F,5,0) -> Internal | E87: =VLOOKUP(A87,'Project List 2026'!B:L,11,0) -> ITS | F87: =VLOOKUP(A87,'Project List 2026'!B:I,8,0) -> Ongoing | G87: yes | J87: yes | K87: not required | M87: In Progress | O87: In Progress | Q87: Telecoms
A88: Internet capacity management​ (Zscaler BW control) | B88: =VLOOKUP('Project documentation'!A88,'Project List 2026'!B:E,2,0) -> Telecoms | C88: =VLOOKUP(A88,'Project List 2026'!B:I,4,0) -> Zied Erebai | D88: =VLOOKUP(A88,'Project List 2026'!B:F,5,0) -> Internal | E88: =VLOOKUP(A88,'Project List 2026'!B:L,11,0) -> ITS | F88: =VLOOKUP(A88,'Project List 2026'!B:I,8,0) -> Ongoing | G88: yes | J88: yes | K88: not required | M88: In Progress | O88: In Progress | Q88: Telecoms
A89: ZPA 3rd Party BUs ELRs Migration | B89: =VLOOKUP('Project documentation'!A89,'Project List 2026'!B:E,2,0) -> Telecoms | C89: =VLOOKUP(A89,'Project List 2026'!B:I,4,0) -> Zied Erebai | D89: =VLOOKUP(A89,'Project List 2026'!B:F,5,0) -> Internal | E89: =VLOOKUP(A89,'Project List 2026'!B:L,11,0) -> ITS | F89: =VLOOKUP(A89,'Project List 2026'!B:I,8,0) -> Ongoing | G89: In Progress | J89: In Progress | K89: not required | L89: PJ20260286 | M89: In Progress | O89: In Progress | Q89: Telecoms | R89: David Branik
A90: Zscaler NSS log servers | B90: =VLOOKUP('Project documentation'!A90,'Project List 2026'!B:E,2,0) -> Telecoms | C90: =VLOOKUP(A90,'Project List 2026'!B:I,4,0) -> Zied Erebai | D90: =VLOOKUP(A90,'Project List 2026'!B:F,5,0) -> Internal | E90: =VLOOKUP(A90,'Project List 2026'!B:L,11,0) -> ITS | F90: =VLOOKUP(A90,'Project List 2026'!B:I,8,0) -> Ongoing | G90: not required | J90: not required | K90: not required | L90: No | M90: not required | O90: not required | AA90: BAU
A91: Zscaler PAC file lifecycle full automation in Secure Access (ELM) | B91: =VLOOKUP('Project documentation'!A91,'Project List 2026'!B:E,2,0) -> Telecoms | C91: =VLOOKUP(A91,'Project List 2026'!B:I,4,0) -> Zied Erebai | D91: =VLOOKUP(A91,'Project List 2026'!B:F,5,0) -> Internal | E91: =VLOOKUP(A91,'Project List 2026'!B:L,11,0) -> ITS | F91: =VLOOKUP(A91,'Project List 2026'!B:I,8,0) -> Ongoing | G91: not required | J91: not required | K91: not required | L91: No | M91: not required | O91: not required | AA91: BAU
A92: Access Broker -MICA PoC | B92: =VLOOKUP('Project documentation'!A92,'Project List 2026'!B:E,2,0) -> Telecoms | C92: =VLOOKUP(A92,'Project List 2026'!B:I,4,0) -> Zied Erebai | D92: =VLOOKUP(A92,'Project List 2026'!B:F,5,0) -> Internal | E92: =VLOOKUP(A92,'Project List 2026'!B:L,11,0) -> ITS | F92: =VLOOKUP(A92,'Project List 2026'!B:I,8,0) -> Ongoing | G92: yes | J92: In Progress | L92: PJ20260285 | M92: In Progress | O92: In Progress | Q92: Telecoms | R92: Martin Holovsky
A93: Zscaler - ZDX rollout to Bus | B93: =VLOOKUP('Project documentation'!A93,'Project List 2026'!B:E,2,0) -> Telecoms | C93: =VLOOKUP(A93,'Project List 2026'!B:I,4,0) -> Zied Erebai | D93: =VLOOKUP(A93,'Project List 2026'!B:F,5,0) -> Internal | E93: =VLOOKUP(A93,'Project List 2026'!B:L,11,0) -> ITS | F93: =VLOOKUP(A93,'Project List 2026'!B:I,8,0) -> Ongoing | G93: not required | J93: not required | K93: not required | L93: No | M93: not required | O93: not required | AA93: BAU
A94: DeC UK carve out Hamilton intergation - hosting and databases | B94: =VLOOKUP('Project documentation'!A94,'Project List 2026'!B:E,2,0) -> Hosting | C94: =VLOOKUP(A94,'Project List 2026'!B:I,4,0) -> Zlata Benesova | D94: =VLOOKUP(A94,'Project List 2026'!B:F,5,0) -> External | E94: =VLOOKUP(A94,'Project List 2026'!B:L,11,0) -> DeC | F94: =VLOOKUP(A94,'Project List 2026'!B:I,8,0) -> Ongoing | G94: yes | H94: 46129 | J94: yes | K94: yes | L94: PJ20251788 | M94: yes | Q94: Hosting | R94: Martin Fojtek | U94: yes | X94: yes | Z94: yes
A95: VMWARE ADMIN | B95: =VLOOKUP('Project documentation'!A95,'Project List 2026'!B:E,2,0) -> Hosting | C95: =VLOOKUP(A95,'Project List 2026'!B:I,4,0) -> Yu Mon Htay | D95: =VLOOKUP(A95,'Project List 2026'!B:F,5,0) -> Internal | E95: =VLOOKUP(A95,'Project List 2026'!B:L,11,0) -> ITS | F95: =VLOOKUP(A95,'Project List 2026'!B:I,8,0) -> Ongoing | G95: yes | H95: 46090 | Q95: Hosting
A96: DSCUS FSMS Migration to W2025 | B96: =VLOOKUP('Project documentation'!A96,'Project List 2026'!B:E,2,0) -> Americas | C96: =VLOOKUP(A96,'Project List 2026'!B:I,4,0) -> Dayanna Abarca | D96: =VLOOKUP(A96,'Project List 2026'!B:F,5,0) -> External | E96: =VLOOKUP(A96,'Project List 2026'!B:L,11,0) -> DSC | F96: =VLOOKUP(A96,'Project List 2026'!B:I,8,0) -> Ongoing | G96: yes | H96: 46154 | K96: yes
A97: DeC Iberia Celia Transition | B97: =VLOOKUP('Project documentation'!A97,'Project List 2026'!B:E,2,0) -> Telecoms | C97: =VLOOKUP(A97,'Project List 2026'!B:I,4,0) -> Zdenek Novotny | D97: =VLOOKUP(A97,'Project List 2026'!B:F,5,0) -> External | E97: =VLOOKUP(A97,'Project List 2026'!B:L,11,0) -> DeC | F97: =VLOOKUP(A97,'Project List 2026'!B:I,8,0) -> Completed
A98: DeC GHO MNG Kargo Connection to Shape+ | B98: =VLOOKUP('Project documentation'!A98,'Project List 2026'!B:E,2,0) -> Telecoms | C98: =VLOOKUP(A98,'Project List 2026'!B:I,4,0) -> Zdenek Novotny | D98: =VLOOKUP(A98,'Project List 2026'!B:F,5,0) -> External | E98: =VLOOKUP(A98,'Project List 2026'!B:L,11,0) -> DeC | F98: =VLOOKUP(A98,'Project List 2026'!B:I,8,0) -> Completed
A99: ExpGB-17172-NGFW Dedicated Resources | B99: =VLOOKUP('Project documentation'!A99,'Project List 2026'!B:E,2,0) -> Telecoms | C99: =VLOOKUP(A99,'Project List 2026'!B:I,4,0) -> Jan Cesnek | D99: =VLOOKUP(A99,'Project List 2026'!B:F,5,0) -> External | E99: =VLOOKUP(A99,'Project List 2026'!B:L,11,0) -> EXP | F99: =VLOOKUP(A99,'Project List 2026'!B:I,8,0) -> Ongoing | G99: not required | J99: not required | K99: yes | M99: not required | O99: not required | AA99: Body Shopping
A100: DSC-IPv6-Migration Approach & Certification ITS Support | B100: =VLOOKUP('Project documentation'!A100,'Project List 2026'!B:E,2,0) -> Telecoms | C100: =VLOOKUP(A100,'Project List 2026'!B:I,4,0) -> Rene Zamecnik | D100: =VLOOKUP(A100,'Project List 2026'!B:F,5,0) -> External | E100: =VLOOKUP(A100,'Project List 2026'!B:L,11,0) -> DSC | F100: =VLOOKUP(A100,'Project List 2026'!B:I,8,0) -> Ongoing | Q100: Telecoms
...

Sheet Individual Allocation
A1: DO NOT EDIT | B1: DO NOT EDIT | C1: DO NOT EDIT | D1: DO NOT EDIT | E1: EDIT | F1: EDIT | G1: DO NOT EDIT | H1: DO NOT EDIT | I1: EDIT | J1: DO NOT EDIT | K1: DO NOT EDIT | L1: DO NOT EDIT | M1: Allocation % 2026 - PLEASE EDIT MANUALLY | S1: Allocation % 2026 - PLEASE EDIT MANUALLY | Y1: DO NOT EDIT
A2: Initial IP Tower | B2: Profit Ownership | C2: PM Depart | D2: PM Name | E2: PM Name Secondary | F2: Project name | G2: Externality | H2: Order N. | I2: Notes | J2: Value | K2: Project status | L2: Probability | M2: Jan | N2: Feb | O2: Mar | P2: Apr | Q2: May | R2: Jun | S2: Jul | T2: Aug | U2: Sep | V2: Oct | W2: Nov | X2: Dec | Y2: Is it in project list?
A3: =IF(F3=""," ",VLOOKUP(F3,'Project List 2026'!A:J,3,0)) -> Telecoms | B3: =IF(F3=""," ",VLOOKUP(F3,'Project List 2026'!A:N,4,0)) -> Others | C3: =IF(F3=""," ",VLOOKUP(E3,RefData!AG:AH,2,FALSE)) -> Telecoms | D3: =IF(F3=""," ",VLOOKUP(F3,'Project List 2026'!A:J,5,0)) -> Alina Nosulych | E3: Alina Nosulych | F3: BARN Security Enforcement | G3: =IF(F3=""," ",VLOOKUP(F3,'Project List 2026'!A:J,6,0)) -> Internal | H3: =IF(F3="","",VLOOKUP(F3,'Project List 2026'!A:H,8,0)) -> 89100298 | J3: =IF(F3=""," ",VLOOKUP(F3,'Project List 2026'!A:O,15,0)) -> 0 | K3: =IF(F3=""," ",VLOOKUP(F3,'Project List 2026'!A:T,9,0)) -> Ongoing | L3: =IF(F3=""," ",VLOOKUP(F3,'Project List 2026'!A:N,14,0)) -> 1 | P3: 0.2 | Q3: 0.2 | R3: 0.2 | Y3: =IF(ISNA(VLOOKUP(F3,'Project List 2026'!A:A,1,FALSE)), "No", "Yes") -> Yes
A4: =IF(F4=""," ",VLOOKUP(F4,'Project List 2026'!A:J,3,0)) -> Telecoms | B4: =IF(F4=""," ",VLOOKUP(F4,'Project List 2026'!A:N,4,0)) -> Telecoms | C4: =IF(F4=""," ",VLOOKUP(E4,RefData!AG:AH,2,FALSE)) -> Telecoms | D4: =IF(F4=""," ",VLOOKUP(F4,'Project List 2026'!A:J,5,0)) -> Alina Nosulych | E4: Alina Nosulych | F4: F5 Refresh | G4: =IF(F4=""," ",VLOOKUP(F4,'Project List 2026'!A:J,6,0)) -> Internal | H4: =IF(F4="","",VLOOKUP(F4,'Project List 2026'!A:H,8,0)) -> 87101386 | J4: =IF(F4=""," ",VLOOKUP(F4,'Project List 2026'!A:O,15,0)) -> 0 | K4: =IF(F4=""," ",VLOOKUP(F4,'Project List 2026'!A:T,9,0)) -> Ongoing | L4: =IF(F4=""," ",VLOOKUP(F4,'Project List 2026'!A:N,14,0)) -> 1 | M4: 0.4 | N4: 0.4 | O4: 0.4 | P4: 0.4 | Q4: 0.4 | R4: 0.4 | S4: 0.4 | T4: 0.4 | U4: 0.4 | V4: 0.4 | W4: 0.4 | Y4: =IF(ISNA(VLOOKUP(F4,'Project List 2026'!A:A,1,FALSE)), "No", "Yes") -> Yes
A5: =IF(F5=""," ",VLOOKUP(F5,'Project List 2026'!A:J,3,0)) -> Telecoms | B5: =IF(F5=""," ",VLOOKUP(F5,'Project List 2026'!A:N,4,0)) -> Telecoms | C5: =IF(F5=""," ",VLOOKUP(E5,RefData!AG:AH,2,FALSE)) -> Telecoms | D5: =IF(F5=""," ",VLOOKUP(F5,'Project List 2026'!A:J,5,0)) -> Alina Nosulych | E5: Alina Nosulych | F5: ACI Upgrade - global activitiy (BARN related) | G5: =IF(F5=""," ",VLOOKUP(F5,'Project List 2026'!A:J,6,0)) -> Internal | H5: =IF(F5="","",VLOOKUP(F5,'Project List 2026'!A:H,8,0)) -> 89100298 | J5: =IF(F5=""," ",VLOOKUP(F5,'Project List 2026'!A:O,15,0)) -> 0 | K5: =IF(F5=""," ",VLOOKUP(F5,'Project List 2026'!A:T,9,0)) -> Completed | L5: =IF(F5=""," ",VLOOKUP(F5,'Project List 2026'!A:N,14,0)) -> 1 | N5: 0.2 | O5: 0.2 | P5: 0.2 | Y5: =IF(ISNA(VLOOKUP(F5,'Project List 2026'!A:A,1,FALSE)), "No", "Yes") -> Yes
A6: =IF(F6=""," ",VLOOKUP(F6,'Project List 2026'!A:J,3,0)) -> Telecoms | B6: =IF(F6=""," ",VLOOKUP(F6,'Project List 2026'!A:N,4,0)) -> Telecoms | C6: =IF(F6=""," ",VLOOKUP(E6,RefData!AG:AH,2,FALSE)) -> Telecoms | D6: =IF(F6=""," ",VLOOKUP(F6,'Project List 2026'!A:J,5,0)) -> Alina Nosulych | E6: Alina Nosulych | F6: Central FAX migration to eFAX solution | G6: =IF(F6=""," ",VLOOKUP(F6,'Project List 2026'!A:J,6,0)) -> Internal | H6: =IF(F6="","",VLOOKUP(F6,'Project List 2026'!A:H,8,0)) -> 89100536 | J6: =IF(F6=""," ",VLOOKUP(F6,'Project List 2026'!A:O,15,0)) -> 0 | K6: =IF(F6=""," ",VLOOKUP(F6,'Project List 2026'!A:T,9,0)) -> Completed | L6: =IF(F6=""," ",VLOOKUP(F6,'Project List 2026'!A:N,14,0)) -> 1 | M6: 0.2 | N6: 0.2 | O6: 0.2 | P6: 0.2 | Y6: =IF(ISNA(VLOOKUP(F6,'Project List 2026'!A:A,1,FALSE)), "No", "Yes") -> Yes
A7: =IF(F7=""," ",VLOOKUP(F7,'Project List 2026'!A:J,3,0)) -> Telecoms | B7: =IF(F7=""," ",VLOOKUP(F7,'Project List 2026'!A:N,4,0)) -> Telecoms | C7: =IF(F7=""," ",VLOOKUP(E7,RefData!AG:AH,2,FALSE)) -> Telecoms | D7: =IF(F7=""," ",VLOOKUP(F7,'Project List 2026'!A:J,5,0)) -> Alina Nosulych | E7: Alina Nosulych | F7: NGFW Proposals EXP | G7: =IF(F7=""," ",VLOOKUP(F7,'Project List 2026'!A:J,6,0)) -> Internal | H7: =IF(F7="","",VLOOKUP(F7,'Project List 2026'!A:H,8,0)) -> 88100313 | J7: =IF(F7=""," ",VLOOKUP(F7,'Project List 2026'!A:O,15,0)) -> 0 | K7: =IF(F7=""," ",VLOOKUP(F7,'Project List 2026'!A:T,9,0)) -> Ongoing | L7: =IF(F7=""," ",VLOOKUP(F7,'Project List 2026'!A:N,14,0)) -> 1 | M7: 0.05 | N7: 0.05 | O7: 0.05 | P7: 0.05 | Q7: 0.05 | R7: 0.05 | S7: 0.05 | T7: 0.05 | U7: 0.05 | V7: 0.05 | W7: 0.05 | Y7: =IF(ISNA(VLOOKUP(F7,'Project List 2026'!A:A,1,FALSE)), "No", "Yes") -> Yes
A8: =IF(F8=""," ",VLOOKUP(F8,'Project List 2026'!A:J,3,0)) -> Telecoms | B8: =IF(F8=""," ",VLOOKUP(F8,'Project List 2026'!A:N,4,0)) -> Telecoms | C8: =IF(F8=""," ",VLOOKUP(E8,RefData!AG:AH,2,FALSE)) -> Telecoms | D8: =IF(F8=""," ",VLOOKUP(F8,'Project List 2026'!A:J,5,0)) -> Andrea Stratilova | E8: Andrea Stratilova | F8: Cookies and consent ​management transformation​ | G8: =IF(F8=""," ",VLOOKUP(F8,'Project List 2026'!A:J,6,0)) -> Internal | H8: =IF(F8="","",VLOOKUP(F8,'Project List 2026'!A:H,8,0)) -> 89101258 | J8: =IF(F8=""," ",VLOOKUP(F8,'Project List 2026'!A:O,15,0)) -> 294645 | K8: =IF(F8=""," ",VLOOKUP(F8,'Project List 2026'!A:T,9,0)) -> Ongoing | L8: =IF(F8=""," ",VLOOKUP(F8,'Project List 2026'!A:N,14,0)) -> 1 | M8: 0.3 | N8: 0.3 | O8: 0.3 | P8: 0.3 | Q8: 0.3 | R8: 0.3 | S8: 0.3 | T8: 0.3 | U8: 0.3 | V8: 0.3 | W8: 0.3 | X8: 0.3 | Y8: =IF(ISNA(VLOOKUP(F8,'Project List 2026'!A:A,1,FALSE)), "No", "Yes") -> Yes
A9: =IF(F9=""," ",VLOOKUP(F9,'Project List 2026'!A:J,3,0)) -> Telecoms | B9: =IF(F9=""," ",VLOOKUP(F9,'Project List 2026'!A:N,4,0)) -> Telecoms | C9: =IF(F9=""," ",VLOOKUP(E9,RefData!AG:AH,2,FALSE)) -> Telecoms | D9: =IF(F9=""," ",VLOOKUP(F9,'Project List 2026'!A:J,5,0)) -> Andrea Stratilova | E9: Andrea Stratilova | F9: Demand Management (Whitelisting for ZPA and Cloud Proxy Service) | G9: =IF(F9=""," ",VLOOKUP(F9,'Project List 2026'!A:J,6,0)) -> Internal | H9: =IF(F9="","",VLOOKUP(F9,'Project List 2026'!A:H,8,0)) -> 89100787, 89100999 | J9: =IF(F9=""," ",VLOOKUP(F9,'Project List 2026'!A:O,15,0)) -> 0 | K9: =IF(F9=""," ",VLOOKUP(F9,'Project List 2026'!A:T,9,0)) -> Ongoing | L9: =IF(F9=""," ",VLOOKUP(F9,'Project List 2026'!A:N,14,0)) -> 1 | M9: 0.05 | N9: 0.05 | O9: 0.05 | P9: 0.05 | Q9: 0.05 | R9: 0.05 | S9: 0.05 | T9: 0.05 | U9: 0.05 | V9: 0.05 | W9: 0.05 | X9: 0.05 | Y9: =IF(ISNA(VLOOKUP(F9,'Project List 2026'!A:A,1,FALSE)), "No", "Yes") -> Yes
A10: =IF(F10=""," ",VLOOKUP(F10,'Project List 2026'!A:J,3,0)) -> APAC | B10: =IF(F10=""," ",VLOOKUP(F10,'Project List 2026'!A:N,4,0)) -> SEF | C10: =IF(F10=""," ",VLOOKUP(E10,RefData!AG:AH,2,FALSE)) -> Telecoms | D10: =IF(F10=""," ",VLOOKUP(F10,'Project List 2026'!A:J,5,0)) -> Daniel Lai | E10: Andrea Stratilova | F10: Private Cloud 2.0 - Phase 2 | G10: =IF(F10=""," ",VLOOKUP(F10,'Project List 2026'!A:J,6,0)) -> Internal | H10: =IF(F10="","",VLOOKUP(F10,'Project List 2026'!A:H,8,0)) -> 87002033 | J10: =IF(F10=""," ",VLOOKUP(F10,'Project List 2026'!A:O,15,0)) -> 1420000 | K10: =IF(F10=""," ",VLOOKUP(F10,'Project List 2026'!A:T,9,0)) -> Ongoing | L10: =IF(F10=""," ",VLOOKUP(F10,'Project List 2026'!A:N,14,0)) -> 1 | M10: 0.1 | N10: 0.1 | O10: 0.1 | P10: 0.1 | Q10: 0.1 | R10: 0.1 | S10: 0.1 | T10: 0.1 | Y10: =IF(ISNA(VLOOKUP(F10,'Project List 2026'!A:A,1,FALSE)), "No", "Yes") -> Yes
A11: =IF(F11=""," ",VLOOKUP(F11,'Project List 2026'!A:J,3,0)) -> Telecoms | B11: =IF(F11=""," ",VLOOKUP(F11,'Project List 2026'!A:N,4,0)) -> Telecoms | C11: =IF(F11=""," ",VLOOKUP(E11,RefData!AG:AH,2,FALSE)) -> Telecoms | D11: =IF(F11=""," ",VLOOKUP(F11,'Project List 2026'!A:J,5,0)) -> Andrea Stratilova | E11: Andrea Stratilova | F11: NGFW Proposals (DSC, ….) | G11: =IF(F11=""," ",VLOOKUP(F11,'Project List 2026'!A:J,6,0)) -> Internal | H11: =IF(F11="","",VLOOKUP(F11,'Project List 2026'!A:H,8,0)) -> 88100294, 88100275, 89100826, 89101130 | J11: =IF(F11=""," ",VLOOKUP(F11,'Project List 2026'!A:O,15,0)) -> 0 | K11: =IF(F11=""," ",VLOOKUP(F11,'Project List 2026'!A:T,9,0)) -> Ongoing | L11: =IF(F11=""," ",VLOOKUP(F11,'Project List 2026'!A:N,14,0)) -> 1 | M11: 0.02 | N11: 0.02 | O11: 0.02 | P11: 0.02 | Q11: 0.02 | R11: 0.02 | S11: 0.02 | T11: 0.02 | U11: 0.02 | V11: 0.02 | W11: 0.02 | Y11: =IF(ISNA(VLOOKUP(F11,'Project List 2026'!A:A,1,FALSE)), "No", "Yes") -> Yes
A12: =IF(F12=""," ",VLOOKUP(F12,'Project List 2026'!A:J,3,0)) -> APAC | B12: =IF(F12=""," ",VLOOKUP(F12,'Project List 2026'!A:N,4,0)) -> SEF | C12: =IF(F12=""," ",VLOOKUP(E12,RefData!AG:AH,2,FALSE)) -> Telecoms-APAC | D12: =IF(F12=""," ",VLOOKUP(F12,'Project List 2026'!A:J,5,0)) -> Daniel Lai | E12: Daniel Lai | F12: Private Cloud 2.0 - Phase 1 | G12: =IF(F12=""," ",VLOOKUP(F12,'Project List 2026'!A:J,6,0)) -> Internal | H12: =IF(F12="","",VLOOKUP(F12,'Project List 2026'!A:H,8,0)) -> 87101375 | J12: =IF(F12=""," ",VLOOKUP(F12,'Project List 2026'!A:O,15,0)) -> 533000 | K12: =IF(F12=""," ",VLOOKUP(F12,'Project List 2026'!A:T,9,0)) -> Completed | L12: =IF(F12=""," ",VLOOKUP(F12,'Project List 2026'!A:N,14,0)) -> 1 | M12: 0.25 | N12: 0.25 | O12: 0.25 | Y12: =IF(ISNA(VLOOKUP(F12,'Project List 2026'!A:A,1,FALSE)), "No", "Yes") -> Yes
A13: =IF(F13=""," ",VLOOKUP(F13,'Project List 2026'!A:J,3,0)) -> APAC | B13: =IF(F13=""," ",VLOOKUP(F13,'Project List 2026'!A:N,4,0)) -> SEF | C13: =IF(F13=""," ",VLOOKUP(E13,RefData!AG:AH,2,FALSE)) -> Telecoms-APAC | D13: =IF(F13=""," ",VLOOKUP(F13,'Project List 2026'!A:J,5,0)) -> Daniel Lai | E13: Daniel Lai | F13: Private Cloud 2.0 - Phase 2 | G13: =IF(F13=""," ",VLOOKUP(F13,'Project List 2026'!A:J,6,0)) -> Internal | H13: =IF(F13="","",VLOOKUP(F13,'Project List 2026'!A:H,8,0)) -> 87002033 | J13: =IF(F13=""," ",VLOOKUP(F13,'Project List 2026'!A:O,15,0)) -> 1420000 | K13: =IF(F13=""," ",VLOOKUP(F13,'Project List 2026'!A:T,9,0)) -> Ongoing | L13: =IF(F13=""," ",VLOOKUP(F13,'Project List 2026'!A:N,14,0)) -> 1 | M13: 0.5 | N13: 0.5 | O13: 0.5 | P13: 0.5 | Q13: 0.5 | R13: 0.5 | S13: 0.5 | T13: 0.5 | U13: 0.5 | V13: 0.5 | W13: 0.5 | X13: 0.5 | Y13: =IF(ISNA(VLOOKUP(F13,'Project List 2026'!A:A,1,FALSE)), "No", "Yes") -> Yes
A14: =IF(F14=""," ",VLOOKUP(F14,'Project List 2026'!A:J,3,0)) -> Telecoms | B14: =IF(F14=""," ",VLOOKUP(F14,'Project List 2026'!A:N,4,0)) -> SEF | C14: =IF(F14=""," ",VLOOKUP(E14,RefData!AG:AH,2,FALSE)) -> Telecoms | D14: =IF(F14=""," ",VLOOKUP(F14,'Project List 2026'!A:J,5,0)) -> Dilyara Zeletdinova | E14: Dilyara Zeletdinova | F14: DNS and Domain management transformation | G14: =IF(F14=""," ",VLOOKUP(F14,'Project List 2026'!A:J,6,0)) -> Internal | H14: =IF(F14="","",VLOOKUP(F14,'Project List 2026'!A:H,8,0)) -> 87101423 | J14: =IF(F14=""," ",VLOOKUP(F14,'Project List 2026'!A:O,15,0)) -> 1002000 | K14: =IF(F14=""," ",VLOOKUP(F14,'Project List 2026'!A:T,9,0)) -> Ongoing | L14: =IF(F14=""," ",VLOOKUP(F14,'Project List 2026'!A:N,14,0)) -> 1 | M14: 0.2 | N14: 0.5 | O14: 0.5 | P14: 0.5 | Q14: 0.5 | R14: 0.5 | S14: 0.5 | T14: 0.5 | U14: 0.5 | V14: 0.5 | W14: 0.5 | X14: 0.5 | Y14: =IF(ISNA(VLOOKUP(F14,'Project List 2026'!A:A,1,FALSE)), "No", "Yes") -> Yes
A15: =IF(F15=""," ",VLOOKUP(F15,'Project List 2026'!A:J,3,0)) -> Telecoms | B15: =IF(F15=""," ",VLOOKUP(F15,'Project List 2026'!A:N,4,0)) -> Telecoms | C15: =IF(F15=""," ",VLOOKUP(E15,RefData!AG:AH,2,FALSE)) -> Telecoms | D15: =IF(F15=""," ",VLOOKUP(F15,'Project List 2026'!A:J,5,0)) -> Dilyara Zeletdinova | E15: Dilyara Zeletdinova | F15: Secure Access Portal Process and Architecture Modernization (ELM) | G15: =IF(F15=""," ",VLOOKUP(F15,'Project List 2026'!A:J,6,0)) -> Internal | H15: =IF(F15="","",VLOOKUP(F15,'Project List 2026'!A:H,8,0)) -> 0 | J15: =IF(F15=""," ",VLOOKUP(F15,'Project List 2026'!A:O,15,0)) -> 0 | K15: =IF(F15=""," ",VLOOKUP(F15,'Project List 2026'!A:T,9,0)) -> On hold | L15: =IF(F15=""," ",VLOOKUP(F15,'Project List 2026'!A:N,14,0)) -> 0.75 | M15: 0.25 | N15: 0.25 | O15: 0.25 | P15: 0.25 | Q15: 0.25 | R15: 0.25 | S15: 0.25 | T15: 0.25 | U15: 0.25 | V15: 0.25 | W15: 0.25 | X15: 0.25 | Y15: =IF(ISNA(VLOOKUP(F15,'Project List 2026'!A:A,1,FALSE)), "No", "Yes") -> Yes
A16: =IF(F16=""," ",VLOOKUP(F16,'Project List 2026'!A:J,3,0)) -> Telecoms | B16: =IF(F16=""," ",VLOOKUP(F16,'Project List 2026'!A:N,4,0)) -> Telecoms | C16: =IF(F16=""," ",VLOOKUP(E16,RefData!AG:AH,2,FALSE)) -> Telecoms | D16: =IF(F16=""," ",VLOOKUP(F16,'Project List 2026'!A:J,5,0)) -> Dilyara Zeletdinova | E16: Dilyara Zeletdinova | F16: Strengthen Deficiency (Consequence) Management for ELM - Phase II. | G16: =IF(F16=""," ",VLOOKUP(F16,'Project List 2026'!A:J,6,0)) -> Internal | H16: =IF(F16="","",VLOOKUP(F16,'Project List 2026'!A:H,8,0)) -> 0 | J16: =IF(F16=""," ",VLOOKUP(F16,'Project List 2026'!A:O,15,0)) -> 0 | K16: =IF(F16=""," ",VLOOKUP(F16,'Project List 2026'!A:T,9,0)) -> Ongoing | L16: =IF(F16=""," ",VLOOKUP(F16,'Project List 2026'!A:N,14,0)) -> 0.75 | M16: 0.25 | N16: 0.25 | O16: 0.25 | P16: 0.25 | Q16: 0.25 | R16: 0.25 | S16: 0.25 | T16: 0.25 | U16: 0.25 | V16: 0.25 | W16: 0.25 | X16: 0.25 | Y16: =IF(ISNA(VLOOKUP(F16,'Project List 2026'!A:A,1,FALSE)), "No", "Yes") -> Yes
A17: =IF(F17=""," ",VLOOKUP(F17,'Project List 2026'!A:J,3,0)) -> Telecoms | B17: =IF(F17=""," ",VLOOKUP(F17,'Project List 2026'!A:N,4,0)) -> Others | C17: =IF(F17=""," ",VLOOKUP(E17,RefData!AG:AH,2,FALSE)) -> Telecoms | D17: =IF(F17=""," ",VLOOKUP(F17,'Project List 2026'!A:J,5,0)) -> Jaroslav Kral | E17: Dilyara Zeletdinova | F17: ADaM 2.0 GCISO | G17: =IF(F17=""," ",VLOOKUP(F17,'Project List 2026'!A:J,6,0)) -> Internal | H17: =IF(F17="","",VLOOKUP(F17,'Project List 2026'!A:H,8,0)) -> 87101359 | J17: =IF(F17=""," ",VLOOKUP(F17,'Project List 2026'!A:O,15,0)) -> 0 | K17: =IF(F17=""," ",VLOOKUP(F17,'Project List 2026'!A:T,9,0)) -> Ongoing | L17: =IF(F17=""," ",VLOOKUP(F17,'Project List 2026'!A:N,14,0)) -> 1 | M17: 0.2 | N17: 0.2 | O17: 0.2 | Y17: =IF(ISNA(VLOOKUP(F17,'Project List 2026'!A:A,1,FALSE)), "No", "Yes") -> Yes
A18: =IF(F18=""," ",VLOOKUP(F18,'Project List 2026'!A:J,3,0)) -> Hosting | B18: =IF(F18=""," ",VLOOKUP(F18,'Project List 2026'!A:N,4,0)) -> Hosting Programs | C18: =IF(F18=""," ",VLOOKUP(E18,RefData!AG:AH,2,FALSE)) -> Infra Services | D18: =IF(F18=""," ",VLOOKUP(F18,'Project List 2026'!A:J,5,0)) -> Katerina Soukupova | E18: Hana Kodatova | F18: SATs central PM order | G18: =IF(F18=""," ",VLOOKUP(F18,'Project List 2026'!A:J,6,0)) -> External | H18: =IF(F18="","",VLOOKUP(F18,'Project List 2026'!A:H,8,0)) -> 31319957 | J18: =IF(F18=""," ",VLOOKUP(F18,'Project List 2026'!A:O,15,0)) -> 474281 | K18: =IF(F18=""," ",VLOOKUP(F18,'Project List 2026'!A:T,9,0)) -> Ongoing | L18: =IF(F18=""," ",VLOOKUP(F18,'Project List 2026'!A:N,14,0)) -> 1 | M18: 0.5 | N18: 0.5 | O18: 0.4 | R18: 0.4 | T18: 0.5 | U18: 0.5 | V18: 0.5 | W18: 0.5 | X18: 0.5 | Y18: =IF(ISNA(VLOOKUP(F18,'Project List 2026'!A:A,1,FALSE)), "No", "Yes") -> Yes
A19: =IF(F19=""," ",VLOOKUP(F19,'Project List 2026'!A:J,3,0)) -> Hosting | B19: =IF(F19=""," ",VLOOKUP(F19,'Project List 2026'!A:N,4,0)) -> IS - Other | C19: Infra Services | D19: =IF(F19=""," ",VLOOKUP(F19,'Project List 2026'!A:J,5,0)) -> Hana Kodatova | E19: Hana Kodatova | F19: BMC- Discovery Inventory PoC | G19: =IF(F19=""," ",VLOOKUP(F19,'Project List 2026'!A:J,6,0)) -> Internal | H19: =IF(F19="","",VLOOKUP(F19,'Project List 2026'!A:H,8,0)) -> 87002028 | J19: =IF(F19=""," ",VLOOKUP(F19,'Project List 2026'!A:O,15,0)) -> 130000 | K19: =IF(F19=""," ",VLOOKUP(F19,'Project List 2026'!A:T,9,0)) -> Ongoing | L19: =IF(F19=""," ",VLOOKUP(F19,'Project List 2026'!A:N,14,0)) -> 1 | M19: 0.3 | N19: 0.3 | O19: 0.3 | P19: 0.75 | Q19: 0.75 | R19: 0.4 | S19: 0.4 | Y19: =IF(ISNA(VLOOKUP(F19,'Project List 2026'!A:A,1,FALSE)), "No", "Yes") -> Yes
A20: =IF(F20=""," ",VLOOKUP(F20,'Project List 2026'!A:J,3,0)) -> Hosting | B20: =IF(F20=""," ",VLOOKUP(F20,'Project List 2026'!A:N,4,0)) -> IS - Other | C20: =IF(F20=""," ",VLOOKUP(E20,RefData!AG:AH,2,FALSE)) -> Infra Services | D20: =IF(F20=""," ",VLOOKUP(F20,'Project List 2026'!A:J,5,0)) -> Hana Kodatova | E20: Hana Kodatova | F20: Storage TR 2026 | G20: =IF(F20=""," ",VLOOKUP(F20,'Project List 2026'!A:J,6,0)) -> Internal | H20: =IF(F20="","",VLOOKUP(F20,'Project List 2026'!A:H,8,0)) -> 87101414 | J20: =IF(F20=""," ",VLOOKUP(F20,'Project List 2026'!A:O,15,0)) -> 238525 | K20: =IF(F20=""," ",VLOOKUP(F20,'Project List 2026'!A:T,9,0)) -> Ongoing | L20: =IF(F20=""," ",VLOOKUP(F20,'Project List 2026'!A:N,14,0)) -> 1 | N20: 0.3 | P20: 0.25 | Q20: 0.25 | R20: 0.15 | S20: 0.15 | T20: 0.15 | U20: 0.15 | Y20: =IF(ISNA(VLOOKUP(F20,'Project List 2026'!A:A,1,FALSE)), "No", "Yes") -> Yes
A21: =IF(F21=""," ",VLOOKUP(F21,'Project List 2026'!A:J,3,0)) -> Hosting | B21: =IF(F21=""," ",VLOOKUP(F21,'Project List 2026'!A:N,4,0)) -> Hosting Programs | C21: =IF(F21=""," ",VLOOKUP(E21,RefData!AG:AH,2,FALSE)) -> Infra Services | D21: =IF(F21=""," ",VLOOKUP(F21,'Project List 2026'!A:J,5,0)) -> Neeraja Duddu | E21: Hana Kodatova | F21: Dummy order - VACATIONS | G21: =IF(F21=""," ",VLOOKUP(F21,'Project List 2026'!A:J,6,0)) -> Internal | H21: =IF(F21="","",VLOOKUP(F21,'Project List 2026'!A:H,8,0)) -> n/a | J21: =IF(F21=""," ",VLOOKUP(F21,'Project List 2026'!A:O,15,0)) -> 0 | K21: =IF(F21=""," ",VLOOKUP(F21,'Project List 2026'!A:T,9,0)) -> Ongoing | L21: =IF(F21=""," ",VLOOKUP(F21,'Project List 2026'!A:N,14,0)) -> 1 | O21: 0.5 | T21: 0.25 | Y21: =IF(ISNA(VLOOKUP(F21,'Project List 2026'!A:A,1,FALSE)), "No", "Yes") -> Yes
A22: =IF(F22=""," ",VLOOKUP(F22,'Project List 2026'!A:J,3,0)) -> Hosting | B22: =IF(F22=""," ",VLOOKUP(F22,'Project List 2026'!A:N,4,0)) -> Hosting Programs | C22: =IF(F22=""," ",VLOOKUP(E22,RefData!AG:AH,2,FALSE)) -> Infra Services | D22: =IF(F22=""," ",VLOOKUP(F22,'Project List 2026'!A:J,5,0)) -> Hana Kodatova | E22: Hana Kodatova | F22: DSC FR - Infolog upgrade IT PM | G22: =IF(F22=""," ",VLOOKUP(F22,'Project List 2026'!A:J,6,0)) -> External | H22: =IF(F22="","",VLOOKUP(F22,'Project List 2026'!A:H,8,0)) -> 31318231 | J22: =IF(F22=""," ",VLOOKUP(F22,'Project List 2026'!A:O,15,0)) -> 4453 | K22: Ongoing | L22: =IF(F22=""," ",VLOOKUP(F22,'Project List 2026'!A:N,14,0)) -> 1 | M22: 0.2 | P22: 0.05 | Y22: =IF(ISNA(VLOOKUP(F22,'Project List 2026'!A:A,1,FALSE)), "No", "Yes") -> Yes
A23: =IF(F23=""," ",VLOOKUP(F23,'Project List 2026'!A:J,3,0)) -> Hosting | B23: =IF(F23=""," ",VLOOKUP(F23,'Project List 2026'!A:N,4,0)) -> Hosting Programs | C23: =IF(F23=""," ",VLOOKUP(E23,RefData!AG:AH,2,FALSE)) -> Infra Services | D23: =IF(F23=""," ",VLOOKUP(F23,'Project List 2026'!A:J,5,0)) -> Katerina Soukupova | E23: Hana Sinska | F23: SATs central PM order | G23: =IF(F23=""," ",VLOOKUP(F23,'Project List 2026'!A:J,6,0)) -> External | H23: =IF(F23="","",VLOOKUP(F23,'Project List 2026'!A:H,8,0)) -> 31319957 | J23: =IF(F23=""," ",VLOOKUP(F23,'Project List 2026'!A:O,15,0)) -> 474281 | K23: =IF(F23=""," ",VLOOKUP(F23,'Project List 2026'!A:T,9,0)) -> Ongoing | L23: =IF(F23=""," ",VLOOKUP(F23,'Project List 2026'!A:N,14,0)) -> 1 | M23: 0.5 | N23: 0.4 | O23: 0.4 | P23: 0.4 | Q23: 0.4 | R23: 0.4 | S23: 0.1 | T23: 0.25 | U23: 0.25 | V23: 0.25 | W23: 0.25 | X23: 0.5 | Y23: =IF(ISNA(VLOOKUP(F23,'Project List 2026'!A:A,1,FALSE)), "No", "Yes") -> Yes
A24: =IF(F24=""," ",VLOOKUP(F24,'Project List 2026'!A:J,3,0)) -> Hosting | B24: =IF(F24=""," ",VLOOKUP(F24,'Project List 2026'!A:N,4,0)) -> Hosting Programs | C24: =IF(F24=""," ",VLOOKUP(E24,RefData!AG:AH,2,FALSE)) -> Infra Services | D24: =IF(F24=""," ",VLOOKUP(F24,'Project List 2026'!A:J,5,0)) -> Neeraja Duddu | E24: Hana Sinska | F24: Dummy order - PART TIME | G24: =IF(F24=""," ",VLOOKUP(F24,'Project List 2026'!A:J,6,0)) -> Internal | H24: =IF(F24="","",VLOOKUP(F24,'Project List 2026'!A:H,8,0)) -> n/a | J24: =IF(F24=""," ",VLOOKUP(F24,'Project List 2026'!A:O,15,0)) -> 0 | K24: =IF(F24=""," ",VLOOKUP(F24,'Project List 2026'!A:T,9,0)) -> Ongoing | L24: =IF(F24=""," ",VLOOKUP(F24,'Project List 2026'!A:N,14,0)) -> 1 | M24: 0.2 | N24: 0.2 | O24: 0.2 | P24: 0.2 | Q24: 0.2 | R24: 0.2 | S24: 0.2 | T24: 0.2 | U24: 0.2 | V24: 0.2 | W24: 0.2 | X24: 0.2 | Y24: =IF(ISNA(VLOOKUP(F24,'Project List 2026'!A:A,1,FALSE)), "No", "Yes") -> Yes
A25: =IF(F25=""," ",VLOOKUP(F25,'Project List 2026'!A:J,3,0)) -> Hosting | B25: =IF(F25=""," ",VLOOKUP(F25,'Project List 2026'!A:N,4,0)) -> SEF | C25: Infra Services | D25: =IF(F25=""," ",VLOOKUP(F25,'Project List 2026'!A:J,5,0)) -> Hana Sinska | E25: Hana Sinska | F25: APIDOG | G25: =IF(F25=""," ",VLOOKUP(F25,'Project List 2026'!A:J,6,0)) -> Internal | H25: =IF(F25="","",VLOOKUP(F25,'Project List 2026'!A:H,8,0)) -> 87101388 | J25: =IF(F25=""," ",VLOOKUP(F25,'Project List 2026'!A:O,15,0)) -> 60000 | K25: =IF(F25=""," ",VLOOKUP(F25,'Project List 2026'!A:T,9,0)) -> Ongoing | L25: =IF(F25=""," ",VLOOKUP(F25,'Project List 2026'!A:N,14,0)) -> 1 | M25: 0.25 | N25: 0.15 | O25: 0.15 | P25: 0.1 | Q25: 0.1 | R25: 0.1 | Y25: Yes
A26: =IF(F26=""," ",VLOOKUP(F26,'Project List 2026'!A:J,3,0)) -> Hosting | B26: =IF(F26=""," ",VLOOKUP(F26,'Project List 2026'!A:N,4,0)) -> Hosting Programs | C26: =IF(F26=""," ",VLOOKUP(E26,RefData!AG:AH,2,FALSE)) -> Infra Services | D26: =IF(F26=""," ",VLOOKUP(F26,'Project List 2026'!A:J,5,0)) -> Hana Sinska | E26: Hana Sinska | F26: Dell Server Onboarding | G26: =IF(F26=""," ",VLOOKUP(F26,'Project List 2026'!A:J,6,0)) -> Internal | H26: =IF(F26="","",VLOOKUP(F26,'Project List 2026'!A:H,8,0)) -> 89101329 | J26: =IF(F26=""," ",VLOOKUP(F26,'Project List 2026'!A:O,15,0)) -> 251000 | K26: =IF(F26=""," ",VLOOKUP(F26,'Project List 2026'!A:T,9,0)) -> Ongoing | L26: =IF(F26=""," ",VLOOKUP(F26,'Project List 2026'!A:N,14,0)) -> 1 | M26: 0.25 | N26: 0.25 | O26: 0.25 | P26: 0.25 | Q26: 0.25 | R26: 0.25 | S26: 0.1 | T26: 0.25 | U26: 0.25 | V26: 0.25 | W26: 0.25 | Y26: Yes
A27: =IF(F27=""," ",VLOOKUP(F27,'Project List 2026'!A:J,3,0)) -> Hosting | B27: =IF(F27=""," ",VLOOKUP(F27,'Project List 2026'!A:N,4,0)) -> IS - Other | C27: =IF(F27=""," ",VLOOKUP(E27,RefData!AG:AH,2,FALSE)) -> Infra Services | D27: =IF(F27=""," ",VLOOKUP(F27,'Project List 2026'!A:J,5,0)) -> Hana Sinska | E27: Hana Sinska | F27: Internal servers EOL | G27: =IF(F27=""," ",VLOOKUP(F27,'Project List 2026'!A:J,6,0)) -> Internal | H27: =IF(F27="","",VLOOKUP(F27,'Project List 2026'!A:H,8,0)) -> 89101266 | J27: =IF(F27=""," ",VLOOKUP(F27,'Project List 2026'!A:O,15,0)) -> 13599.16 | K27: =IF(F27=""," ",VLOOKUP(F27,'Project List 2026'!A:T,9,0)) -> Ongoing | L27: =IF(F27=""," ",VLOOKUP(F27,'Project List 2026'!A:N,14,0)) -> 1 | N27: 0.15 | O27: 0.15 | P27: 0.15 | Q27: 0.15 | R27: 0.15 | S27: 0.05 | T27: 0.05 | U27: 0.05 | V27: 0.05 | W27: 0.05 | X27: 0.05 | Y27: Yes
A28: =IF(F28=""," ",VLOOKUP(F28,'Project List 2026'!A:J,3,0)) -> Hosting | B28: =IF(F28=""," ",VLOOKUP(F28,'Project List 2026'!A:N,4,0)) -> Hosting Programs | C28: =IF(F28=""," ",VLOOKUP(E28,RefData!AG:AH,2,FALSE)) -> Infra Services | D28: =IF(F28=""," ",VLOOKUP(F28,'Project List 2026'!A:J,5,0)) -> Katerina Soukupova | E28: Irina Denisova | F28: SATs central PM order | G28: =IF(F28=""," ",VLOOKUP(F28,'Project List 2026'!A:J,6,0)) -> External | H28: =IF(F28="","",VLOOKUP(F28,'Project List 2026'!A:H,8,0)) -> 31319957 | J28: =IF(F28=""," ",VLOOKUP(F28,'Project List 2026'!A:O,15,0)) -> 474281 | K28: =IF(F28=""," ",VLOOKUP(F28,'Project List 2026'!A:T,9,0)) -> Ongoing | L28: =IF(F28=""," ",VLOOKUP(F28,'Project List 2026'!A:N,14,0)) -> 1 | M28: 0.5 | N28: 0.5 | O28: 0.5 | P28: 0.5 | Q28: 0.5 | R28: 0.5 | S28: 0.4 | T28: 0.4 | U28: 0.4 | V28: 0.4 | W28: 0.4 | X28: 0.4 | Y28: =IF(ISNA(VLOOKUP(F28,'Project List 2026'!A:A,1,FALSE)), "No", "Yes") -> Yes
A29: =IF(F29=""," ",VLOOKUP(F29,'Project List 2026'!A:J,3,0)) -> Hosting | B29: =IF(F29=""," ",VLOOKUP(F29,'Project List 2026'!A:N,4,0)) -> Hosting Programs | C29: =IF(F29=""," ",VLOOKUP(E29,RefData!AG:AH,2,FALSE)) -> Infra Services | D29: =IF(F29=""," ",VLOOKUP(F29,'Project List 2026'!A:J,5,0)) -> Jana Veberova | E29: Irina Denisova | F29: EXP EU Ws2016 OS R. - Server Refresh | G29: =IF(F29=""," ",VLOOKUP(F29,'Project List 2026'!A:J,6,0)) -> External | H29: =IF(F29="","",VLOOKUP(F29,'Project List 2026'!A:H,8,0)) -> 31319332 | J29: =IF(F29=""," ",VLOOKUP(F29,'Project List 2026'!A:O,15,0)) -> 321571.2 | K29: =IF(F29=""," ",VLOOKUP(F29,'Project List 2026'!A:T,9,0)) -> Ongoing | L29: =IF(F29=""," ",VLOOKUP(F29,'Project List 2026'!A:N,14,0)) -> 1 | M29: 0.5 | N29: 0.5 | O29: 0.5 | P29: 0.5 | Q29: 0.5 | R29: 0.5 | S29: 0.4 | T29: 0.4 | U29: 0.4 | V29: 0.4 | W29: 0.4 | X29: 0.4 | Y29: =IF(ISNA(VLOOKUP(F29,'Project List 2026'!A:A,1,FALSE)), "No", "Yes") -> Yes
A30: =IF(F30=""," ",VLOOKUP(F30,'Project List 2026'!A:J,3,0)) -> Hosting | B30: =IF(F30=""," ",VLOOKUP(F30,'Project List 2026'!A:N,4,0)) -> IS - Other | C30: =IF(F30=""," ",VLOOKUP(E30,RefData!AG:AH,2,FALSE)) -> Infra Services | D30: =IF(F30=""," ",VLOOKUP(F30,'Project List 2026'!A:J,5,0)) -> Ivan Godunov | E30: Ivan Godunov | F30: PoC - BMC - OpenShift onboarding | G30: =IF(F30=""," ",VLOOKUP(F30,'Project List 2026'!A:J,6,0)) -> Internal | H30: =IF(F30="","",VLOOKUP(F30,'Project List 2026'!A:H,8,0)) -> 87002011 | J30: =IF(F30=""," ",VLOOKUP(F30,'Project List 2026'!A:O,15,0)) -> 24830 | K30: =IF(F30=""," ",VLOOKUP(F30,'Project List 2026'!A:T,9,0)) -> Completed | L30: =IF(F30=""," ",VLOOKUP(F30,'Project List 2026'!A:N,14,0)) -> 1 | M30: 0.5 | N30: 0.3 | O30: 0.3 | P30: 0.3 | Q30: 0.05 | R30: 0.05 | Y30: =IF(ISNA(VLOOKUP(F30,'Project List 2026'!A:A,1,FALSE)), "No", "Yes") -> Yes
A31: =IF(F31=""," ",VLOOKUP(F31,'Project List 2026'!A:J,3,0)) -> Hosting | B31: =IF(F31=""," ",VLOOKUP(F31,'Project List 2026'!A:N,4,0)) -> IS - Other | C31: =IF(F31=""," ",VLOOKUP(E31,RefData!AG:AH,2,FALSE)) -> Infra Services | D31: =IF(F31=""," ",VLOOKUP(F31,'Project List 2026'!A:J,5,0)) -> Ivan Godunov | E31: Ivan Godunov | F31: Malware servers scanning | G31: =IF(F31=""," ",VLOOKUP(F31,'Project List 2026'!A:J,6,0)) -> Internal | H31: =IF(F31="","",VLOOKUP(F31,'Project List 2026'!A:H,8,0)) -> 89101198 | J31: =IF(F31=""," ",VLOOKUP(F31,'Project List 2026'!A:O,15,0)) -> 0 | K31: =IF(F31=""," ",VLOOKUP(F31,'Project List 2026'!A:T,9,0)) -> Ongoing | L31: =IF(F31=""," ",VLOOKUP(F31,'Project List 2026'!A:N,14,0)) -> 1 | N31: 0.4 | O31: 0.4 | Y31: =IF(ISNA(VLOOKUP(F31,'Project List 2026'!A:A,1,FALSE)), "No", "Yes") -> Yes
A32: =IF(F32=""," ",VLOOKUP(F32,'Project List 2026'!A:J,3,0)) -> Hosting | B32: =IF(F32=""," ",VLOOKUP(F32,'Project List 2026'!A:N,4,0)) -> Hosting Programs | C32: Infra Services | D32: =IF(F32=""," ",VLOOKUP(F32,'Project List 2026'!A:J,5,0)) -> Zlata Benesova | E32: Ivan Godunov | F32: DeC GHO EVRi IT_29 Transition 2026 | G32: =IF(F32=""," ",VLOOKUP(F32,'Project List 2026'!A:J,6,0)) -> External | H32: =IF(F32="","",VLOOKUP(F32,'Project List 2026'!A:H,8,0)) -> 31319843 | J32: =IF(F32=""," ",VLOOKUP(F32,'Project List 2026'!A:O,15,0)) -> 1355572 | K32: =IF(F32=""," ",VLOOKUP(F32,'Project List 2026'!A:T,9,0)) -> Ongoing | L32: =IF(F32=""," ",VLOOKUP(F32,'Project List 2026'!A:N,14,0)) -> 1 | N32: 0.3 | O32: 0.3 | Y32: =IF(ISNA(VLOOKUP(F32,'Project List 2026'!A:A,1,FALSE)), "No", "Yes") -> Yes
A33: =IF(F33=""," ",VLOOKUP(F33,'Project List 2026'!A:J,3,0)) -> Hosting | B33: =IF(F33=""," ",VLOOKUP(F33,'Project List 2026'!A:N,4,0)) -> IS - Other | C33: =IF(F33=""," ",VLOOKUP(E33,RefData!AG:AH,2,FALSE)) -> Infra Services | D33: =IF(F33=""," ",VLOOKUP(F33,'Project List 2026'!A:J,5,0)) -> Ivan Godunov | E33: Ivan Godunov | F33: ITS resilient operations | G33: =IF(F33=""," ",VLOOKUP(F33,'Project List 2026'!A:J,6,0)) -> Internal | H33: =IF(F33="","",VLOOKUP(F33,'Project List 2026'!A:H,8,0)) -> 87002052 | J33: =IF(F33=""," ",VLOOKUP(F33,'Project List 2026'!A:O,15,0)) -> 151060 | K33: =IF(F33=""," ",VLOOKUP(F33,'Project List 2026'!A:T,9,0)) -> Ongoing | L33: =IF(F33=""," ",VLOOKUP(F33,'Project List 2026'!A:N,14,0)) -> 1 | M33: 0.5 | N33: 0.3 | O33: 0.3 | P33: 0.8 | Q33: 0.9 | R33: 0.9 | S33: 0.9 | T33: 0.9 | U33: 0.9 | V33: 0.9 | W33: 0.9 | X33: 0.9 | Y33: =IF(ISNA(VLOOKUP(F33,'Project List 2026'!A:A,1,FALSE)), "No", "Yes") -> Yes
A34: =IF(F34=""," ",VLOOKUP(F34,'Project List 2026'!A:J,3,0)) -> Telecoms | B34: =IF(F34=""," ",VLOOKUP(F34,'Project List 2026'!A:N,4,0)) -> Telecoms | C34: =IF(F34=""," ",VLOOKUP(E34,RefData!AG:AH,2,FALSE)) -> Telecoms | D34: =IF(F34=""," ",VLOOKUP(F34,'Project List 2026'!A:J,5,0)) -> Jan Cesnek | E34: Jan Cesnek | F34: New NGFW requests | G34: =IF(F34=""," ",VLOOKUP(F34,'Project List 2026'!A:J,6,0)) -> External | H34: =IF(F34="","",VLOOKUP(F34,'Project List 2026'!A:H,8,0)) -> Multiple | J34: =IF(F34=""," ",VLOOKUP(F34,'Project List 2026'!A:O,15,0)) -> 500000 | K34: =IF(F34=""," ",VLOOKUP(F34,'Project List 2026'!A:T,9,0)) -> Ongoing | L34: =IF(F34=""," ",VLOOKUP(F34,'Project List 2026'!A:N,14,0)) -> 1 | M34: 1 | N34: 1 | O34: 1 | P34: 1 | Q34: 1 | R34: 1 | S34: 1 | T34: 1 | U34: 1 | V34: 1 | W34: 1 | X34: 1 | Y34: =IF(ISNA(VLOOKUP(F34,'Project List 2026'!A:A,1,FALSE)), "No", "Yes") -> Yes
A35: =IF(F35=""," ",VLOOKUP(F35,'Project List 2026'!A:J,3,0)) -> Telecoms | B35: =IF(F35=""," ",VLOOKUP(F35,'Project List 2026'!A:N,4,0)) -> Telecoms | C35: =IF(F35=""," ",VLOOKUP(E35,RefData!AG:AH,2,FALSE)) -> Telecoms | D35: =IF(F35=""," ",VLOOKUP(F35,'Project List 2026'!A:J,5,0)) -> Jan Ondrak | E35: Jan Ondrak | F35: Netflow solution review - PoC | G35: =IF(F35=""," ",VLOOKUP(F35,'Project List 2026'!A:J,6,0)) -> Internal | H35: =IF(F35="","",VLOOKUP(F35,'Project List 2026'!A:H,8,0)) -> 89100816 | J35: =IF(F35=""," ",VLOOKUP(F35,'Project List 2026'!A:O,15,0)) -> 0 | K35: =IF(F35=""," ",VLOOKUP(F35,'Project List 2026'!A:T,9,0)) -> Ongoing | L35: =IF(F35=""," ",VLOOKUP(F35,'Project List 2026'!A:N,14,0)) -> 0.25 | M35: 0.3 | N35: 0.3 | O35: 0.3 | P35: 0.3 | Q35: 0.3 | R35: 0.3 | Y35: =IF(ISNA(VLOOKUP(F35,'Project List 2026'!A:A,1,FALSE)), "No", "Yes") -> Yes
A36: =IF(F36=""," ",VLOOKUP(F36,'Project List 2026'!A:J,3,0)) -> Telecoms | B36: =IF(F36=""," ",VLOOKUP(F36,'Project List 2026'!A:N,4,0)) -> Others | C36: =IF(F36=""," ",VLOOKUP(E36,RefData!AG:AH,2,FALSE)) -> Telecoms | D36: =IF(F36=""," ",VLOOKUP(F36,'Project List 2026'!A:J,5,0)) -> Jan Ondrak | E36: Jan Ondrak | F36: PTV Sites Phase 2 2025 (GSN Internal development) | G36: =IF(F36=""," ",VLOOKUP(F36,'Project List 2026'!A:J,6,0)) -> Internal | H36: =IF(F36="","",VLOOKUP(F36,'Project List 2026'!A:H,8,0)) -> 87001963 | J36: =IF(F36=""," ",VLOOKUP(F36,'Project List 2026'!A:O,15,0)) -> 1000 | K36: =IF(F36=""," ",VLOOKUP(F36,'Project List 2026'!A:T,9,0)) -> Completed | L36: =IF(F36=""," ",VLOOKUP(F36,'Project List 2026'!A:N,14,0)) -> 1 | M36: 0.1 | Y36: =IF(ISNA(VLOOKUP(F36,'Project List 2026'!A:A,1,FALSE)), "No", "Yes") -> Yes
A37: =IF(F37=""," ",VLOOKUP(F37,'Project List 2026'!A:J,3,0)) -> Telecoms | B37: =IF(F37=""," ",VLOOKUP(F37,'Project List 2026'!A:N,4,0)) -> Telecoms | C37: =IF(F37=""," ",VLOOKUP(E37,RefData!AG:AH,2,FALSE)) -> Telecoms | D37: =IF(F37=""," ",VLOOKUP(F37,'Project List 2026'!A:J,5,0)) -> Jan Ondrak | E37: Jan Ondrak | F37: Site Connectivity (Core Network connections - ITS 2 location in IN, DSC AU, BLueDart DeC IN) | G37: =IF(F37=""," ",VLOOKUP(F37,'Project List 2026'!A:J,6,0)) -> Internal | H37: =IF(F37="","",VLOOKUP(F37,'Project List 2026'!A:H,8,0)) -> 87101425, 89100816, 89101328 | J37: =IF(F37=""," ",VLOOKUP(F37,'Project List 2026'!A:O,15,0)) -> 0 | K37: =IF(F37=""," ",VLOOKUP(F37,'Project List 2026'!A:T,9,0)) -> Ongoing | L37: =IF(F37=""," ",VLOOKUP(F37,'Project List 2026'!A:N,14,0)) -> 0.9 | M37: 0.3 | N37: 0.3 | O37: 0.3 | P37: 0.3 | Q37: 0.3 | R37: 0.3 | S37: 0.3 | T37: 0.3 | U37: 0.3 | V37: 0.3 | W37: 0.3 | X37: 0.3 | Y37: =IF(ISNA(VLOOKUP(F37,'Project List 2026'!A:A,1,FALSE)), "No", "Yes") -> Yes
A38: =IF(F38=""," ",VLOOKUP(F38,'Project List 2026'!A:J,3,0)) -> Telecoms | B38: =IF(F38=""," ",VLOOKUP(F38,'Project List 2026'!A:N,4,0)) -> Telecoms | C38: =IF(F38=""," ",VLOOKUP(E38,RefData!AG:AH,2,FALSE)) -> Telecoms | D38: =IF(F38=""," ",VLOOKUP(F38,'Project List 2026'!A:J,5,0)) -> Jan Ondrak | E38: Jan Ondrak | F38: Global ITS Meraki Service | G38: =IF(F38=""," ",VLOOKUP(F38,'Project List 2026'!A:J,6,0)) -> Internal | H38: =IF(F38="","",VLOOKUP(F38,'Project List 2026'!A:H,8,0)) -> 89101295 | J38: =IF(F38=""," ",VLOOKUP(F38,'Project List 2026'!A:O,15,0)) -> 0 | K38: =IF(F38=""," ",VLOOKUP(F38,'Project List 2026'!A:T,9,0)) -> Ongoing | L38: =IF(F38=""," ",VLOOKUP(F38,'Project List 2026'!A:N,14,0)) -> 0.9 | M38: 0.3 | N38: 0.3 | O38: 0.3 | P38: 0.3 | Q38: 0.3 | R38: 0.3 | S38: 0.3 | T38: 0.3 | U38: 0.3 | Y38: =IF(ISNA(VLOOKUP(F38,'Project List 2026'!A:A,1,FALSE)), "No", "Yes") -> Yes
A39: =IF(F39=""," ",VLOOKUP(F39,'Project List 2026'!A:J,3,0)) -> Hosting | B39: =IF(F39=""," ",VLOOKUP(F39,'Project List 2026'!A:N,4,0)) -> SEF | C39: =IF(F39=""," ",VLOOKUP(E39,RefData!AG:AH,2,FALSE)) -> Infra Services | D39: =IF(F39=""," ",VLOOKUP(F39,'Project List 2026'!A:J,5,0)) -> Jan Truksa | E39: Jan Truksa | F39: Patching Grid : Automated Deployment | G39: =IF(F39=""," ",VLOOKUP(F39,'Project List 2026'!A:J,6,0)) -> Internal | H39: =IF(F39="","",VLOOKUP(F39,'Project List 2026'!A:H,8,0)) -> 87101401 | J39: =IF(F39=""," ",VLOOKUP(F39,'Project List 2026'!A:O,15,0)) -> 687000 | K39: =IF(F39=""," ",VLOOKUP(F39,'Project List 2026'!A:T,9,0)) -> On hold | L39: =IF(F39=""," ",VLOOKUP(F39,'Project List 2026'!A:N,14,0)) -> 1 | M39: 1 | N39: 1 | O39: 1 | P39: 1 | Q39: 1 | R39: 1 | Y39: =IF(ISNA(VLOOKUP(F39,'Project List 2026'!A:A,1,FALSE)), "No", "Yes") -> Yes
A40: =IF(F40=""," ",VLOOKUP(F40,'Project List 2026'!A:J,3,0)) -> Hosting | B40: =IF(F40=""," ",VLOOKUP(F40,'Project List 2026'!A:N,4,0)) -> Hosting Programs | C40: =IF(F40=""," ",VLOOKUP(E40,RefData!AG:AH,2,FALSE)) -> Infra Services | D40: =IF(F40=""," ",VLOOKUP(F40,'Project List 2026'!A:J,5,0)) -> Jana Veberova | E40: Jana Veberova | F40: EXP EU Ws2016 OS R. - Server Refresh | G40: =IF(F40=""," ",VLOOKUP(F40,'Project List 2026'!A:J,6,0)) -> External | H40: =IF(F40="","",VLOOKUP(F40,'Project List 2026'!A:H,8,0)) -> 31319332 | J40: =IF(F40=""," ",VLOOKUP(F40,'Project List 2026'!A:O,15,0)) -> 321571.2 | K40: =IF(F40=""," ",VLOOKUP(F40,'Project List 2026'!A:T,9,0)) -> Ongoing | L40: =IF(F40=""," ",VLOOKUP(F40,'Project List 2026'!A:N,14,0)) -> 1 | M40: 0.7 | N40: 0.7 | O40: 0.7 | P40: 0.8 | Q40: 0.9 | R40: 0.9 | S40: 0.8 | T40: 0.8 | U40: 0.8 | V40: 0.8 | W40: 0.7 | X40: 0.7 | Y40: =IF(ISNA(VLOOKUP(F40,'Project List 2026'!A:A,1,FALSE)), "No", "Yes") -> Yes
A41: =IF(F41=""," ",VLOOKUP(F41,'Project List 2026'!A:J,3,0)) -> Hosting | B41: =IF(F41=""," ",VLOOKUP(F41,'Project List 2026'!A:N,4,0)) -> Hosting Programs | C41: =IF(F41=""," ",VLOOKUP(E41,RefData!AG:AH,2,FALSE)) -> Infra Services | D41: =IF(F41=""," ",VLOOKUP(F41,'Project List 2026'!A:J,5,0)) -> Jana Veberova | E41: Jana Veberova | F41: DSC DE - RIM Blue. | G41: =IF(F41=""," ",VLOOKUP(F41,'Project List 2026'!A:J,6,0)) -> External | H41: =IF(F41="","",VLOOKUP(F41,'Project List 2026'!A:H,8,0)) -> 31317555 | J41: =IF(F41=""," ",VLOOKUP(F41,'Project List 2026'!A:O,15,0)) -> 9008.16 | K41: =IF(F41=""," ",VLOOKUP(F41,'Project List 2026'!A:T,9,0)) -> Completed | L41: =IF(F41=""," ",VLOOKUP(F41,'Project List 2026'!A:N,14,0)) -> 1 | M41: 0.2 | N41: 0.2 | O41: 0.2 | P41: 0.1 | Y41: =IF(ISNA(VLOOKUP(F41,'Project List 2026'!A:A,1,FALSE)), "No", "Yes") -> Yes
A42: =IF(F42=""," ",VLOOKUP(F42,'Project List 2026'!A:J,3,0)) -> Telecoms | B42: =IF(F42=""," ",VLOOKUP(F42,'Project List 2026'!A:N,4,0)) -> Others | C42: =IF(F42=""," ",VLOOKUP(E42,RefData!AG:AH,2,FALSE)) -> Telecoms | D42: =IF(F42=""," ",VLOOKUP(F42,'Project List 2026'!A:J,5,0)) -> Jaroslav Kral | E42: Jaroslav Kral | F42: ADaM 2.0 GCISO | G42: =IF(F42=""," ",VLOOKUP(F42,'Project List 2026'!A:J,6,0)) -> Internal | H42: =IF(F42="","",VLOOKUP(F42,'Project List 2026'!A:H,8,0)) -> 87101359 | J42: =IF(F42=""," ",VLOOKUP(F42,'Project List 2026'!A:O,15,0)) -> 0 | K42: =IF(F42=""," ",VLOOKUP(F42,'Project List 2026'!A:T,9,0)) -> Ongoing | L42: =IF(F42=""," ",VLOOKUP(F42,'Project List 2026'!A:N,14,0)) -> 1 | M42: 1 | N42: 1 | O42: 1 | P42: 0.6 | Q42: 0.6 | R42: 0.6 | S42: 0.6 | T42: 0.6 | U42: 0.6 | V42: 0.6 | W42: 0.6 | X42: 0.6 | Y42: =IF(ISNA(VLOOKUP(F42,'Project List 2026'!A:A,1,FALSE)), "No", "Yes") -> Yes
A43: =IF(F43=""," ",VLOOKUP(F43,'Project List 2026'!A:J,3,0)) -> Hosting | B43: =IF(F43=""," ",VLOOKUP(F43,'Project List 2026'!A:N,4,0)) -> Hosting Programs | C43: =IF(F43=""," ",VLOOKUP(E43,RefData!AG:AH,2,FALSE)) -> Infra Services | D43: =IF(F43=""," ",VLOOKUP(F43,'Project List 2026'!A:J,5,0)) -> Katerina Soukupova | E43: Katerina Schmiedova | F43: SATs central PM order | G43: =IF(F43=""," ",VLOOKUP(F43,'Project List 2026'!A:J,6,0)) -> External | H43: =IF(F43="","",VLOOKUP(F43,'Project List 2026'!A:H,8,0)) -> 31319957 | J43: =IF(F43=""," ",VLOOKUP(F43,'Project List 2026'!A:O,15,0)) -> 474281 | K43: =IF(F43=""," ",VLOOKUP(F43,'Project List 2026'!A:T,9,0)) -> Ongoing | L43: =IF(F43=""," ",VLOOKUP(F43,'Project List 2026'!A:N,14,0)) -> 1 | M43: 0.8 | N43: 0.8 | O43: 0.8 | P43: 0.8 | Q43: 0.8 | R43: 0.8 | S43: 0.8 | T43: 0.8 | U43: 0.8 | V43: 0.8 | W43: 0.8 | X43: 0.8 | Y43: =IF(ISNA(VLOOKUP(F43,'Project List 2026'!A:A,1,FALSE)), "No", "Yes") -> Yes
A44: =IF(F44=""," ",VLOOKUP(F44,'Project List 2026'!A:J,3,0)) -> Hosting | B44: =IF(F44=""," ",VLOOKUP(F44,'Project List 2026'!A:N,4,0)) -> Hosting Programs | C44: =IF(F44=""," ",VLOOKUP(E44,RefData!AG:AH,2,FALSE)) -> Infra Services | D44: =IF(F44=""," ",VLOOKUP(F44,'Project List 2026'!A:J,5,0)) -> Neeraja Duddu | E44: Katerina Schmiedova | F44: Dummy order - PART TIME | G44: =IF(F44=""," ",VLOOKUP(F44,'Project List 2026'!A:J,6,0)) -> Internal | H44: =IF(F44="","",VLOOKUP(F44,'Project List 2026'!A:H,8,0)) -> n/a | J44: =IF(F44=""," ",VLOOKUP(F44,'Project List 2026'!A:O,15,0)) -> 0 | K44: =IF(F44=""," ",VLOOKUP(F44,'Project List 2026'!A:T,9,0)) -> Ongoing | L44: =IF(F44=""," ",VLOOKUP(F44,'Project List 2026'!A:N,14,0)) -> 1 | M44: 0.2 | N44: 0.2 | O44: 0.2 | P44: 0.2 | Q44: 0.2 | R44: 0.2 | S44: 0.2 | T44: 0.2 | U44: 0.2 | V44: 0.2 | W44: 0.2 | X44: 0.2 | Y44: =IF(ISNA(VLOOKUP(F44,'Project List 2026'!A:A,1,FALSE)), "No", "Yes") -> Yes
A45: =IF(F45=""," ",VLOOKUP(F45,'Project List 2026'!A:J,3,0)) -> Telecoms | B45: =IF(F45=""," ",VLOOKUP(F45,'Project List 2026'!A:N,4,0)) -> Others | C45: =IF(F45=""," ",VLOOKUP(E45,RefData!AG:AH,2,FALSE)) -> Telecoms | D45: =IF(F45=""," ",VLOOKUP(F45,'Project List 2026'!A:J,5,0)) -> Kirill Shabalkin | E45: Kirill Shabalkin | F45: SecMCO Lite Deployment (154 additional EXP sites) | G45: =IF(F45=""," ",VLOOKUP(F45,'Project List 2026'!A:J,6,0)) -> Internal | H45: =IF(F45="","",VLOOKUP(F45,'Project List 2026'!A:H,8,0)) -> 89101178 | J45: =IF(F45=""," ",VLOOKUP(F45,'Project List 2026'!A:O,15,0)) -> 0 | K45: =IF(F45=""," ",VLOOKUP(F45,'Project List 2026'!A:T,9,0)) -> On hold | L45: =IF(F45=""," ",VLOOKUP(F45,'Project List 2026'!A:N,14,0)) -> 1 | N45: 0.2 | Y45: =IF(ISNA(VLOOKUP(F45,'Project List 2026'!A:A,1,FALSE)), "No", "Yes") -> Yes
A46: =IF(F46=""," ",VLOOKUP(F46,'Project List 2026'!A:J,3,0)) -> Telecoms | B46: =IF(F46=""," ",VLOOKUP(F46,'Project List 2026'!A:N,4,0)) -> Others | C46: =IF(F46=""," ",VLOOKUP(E46,RefData!AG:AH,2,FALSE)) -> Telecoms | D46: =IF(F46=""," ",VLOOKUP(F46,'Project List 2026'!A:J,5,0)) -> Kirill Shabalkin | E46: Kirill Shabalkin | F46: S/MIME User certificates | G46: =IF(F46=""," ",VLOOKUP(F46,'Project List 2026'!A:J,6,0)) -> Internal | H46: =IF(F46="","",VLOOKUP(F46,'Project List 2026'!A:H,8,0)) -> 89100541 | J46: =IF(F46=""," ",VLOOKUP(F46,'Project List 2026'!A:O,15,0)) -> 0 | K46: =IF(F46=""," ",VLOOKUP(F46,'Project List 2026'!A:T,9,0)) -> Completed | L46: =IF(F46=""," ",VLOOKUP(F46,'Project List 2026'!A:N,14,0)) -> 1 | M46: 0.2 | N46: 0.2 | O46: 0.2 | P46: 0.2 | Q46: 0.2 | Y46: =IF(ISNA(VLOOKUP(F46,'Project List 2026'!A:A,1,FALSE)), "No", "Yes") -> Yes
A47: =IF(F47=""," ",VLOOKUP(F47,'Project List 2026'!A:J,3,0)) -> Telecoms | B47: =IF(F47=""," ",VLOOKUP(F47,'Project List 2026'!A:N,4,0)) -> Others | C47: =IF(F47=""," ",VLOOKUP(E47,RefData!AG:AH,2,FALSE)) -> Telecoms | D47: =IF(F47=""," ",VLOOKUP(F47,'Project List 2026'!A:J,5,0)) -> Kirill Shabalkin | E47: Kirill Shabalkin | F47: SecMCOv1 to SecMCOv3 Transformation of Premium Hubs | G47: =IF(F47=""," ",VLOOKUP(F47,'Project List 2026'!A:J,6,0)) -> Internal | H47: =IF(F47="","",VLOOKUP(F47,'Project List 2026'!A:H,8,0)) -> 89101178 | J47: =IF(F47=""," ",VLOOKUP(F47,'Project List 2026'!A:O,15,0)) -> 0 | K47: =IF(F47=""," ",VLOOKUP(F47,'Project List 2026'!A:T,9,0)) -> Ongoing | L47: =IF(F47=""," ",VLOOKUP(F47,'Project List 2026'!A:N,14,0)) -> 1 | N47: 0.2 | O47: 0.2 | P47: 0.2 | Q47: 0.2 | R47: 0.2 | S47: 0.2 | T47: 0.2 | U47: 0.2 | V47: 0.2 | W47: 0.2 | X47: 0.2 | Y47: =IF(ISNA(VLOOKUP(F47,'Project List 2026'!A:A,1,FALSE)), "No", "Yes") -> Yes
A48: =IF(F48=""," ",VLOOKUP(F48,'Project List 2026'!A:J,3,0)) -> Telecoms | B48: =IF(F48=""," ",VLOOKUP(F48,'Project List 2026'!A:N,4,0)) -> Telecoms | C48: =IF(F48=""," ",VLOOKUP(E48,RefData!AG:AH,2,FALSE)) -> Telecoms | D48: =IF(F48=""," ",VLOOKUP(F48,'Project List 2026'!A:J,5,0)) -> Kirill Shabalkin | E48: Kirill Shabalkin | F48: OT security (Infosec driven, subject to PG1, approval through ITAM WG) | G48: =IF(F48=""," ",VLOOKUP(F48,'Project List 2026'!A:J,6,0)) -> Internal | H48: =IF(F48="","",VLOOKUP(F48,'Project List 2026'!A:H,8,0)) -> 87101339 | J48: =IF(F48=""," ",VLOOKUP(F48,'Project List 2026'!A:O,15,0)) -> 0 | K48: =IF(F48=""," ",VLOOKUP(F48,'Project List 2026'!A:T,9,0)) -> Ongoing | L48: =IF(F48=""," ",VLOOKUP(F48,'Project List 2026'!A:N,14,0)) -> 1 | N48: 0.2 | O48: 0.5 | P48: 0.5 | Q48: 0.5 | R48: 0.5 | S48: 0.5 | T48: 0.5 | U48: 0.5 | V48: 0.5 | W48: 0.5 | X48: 0.5 | Y48: =IF(ISNA(VLOOKUP(F48,'Project List 2026'!A:A,1,FALSE)), "No", "Yes") -> Yes
A49: =IF(F49=""," ",VLOOKUP(F49,'Project List 2026'!A:J,3,0)) -> Hosting | B49: =IF(F49=""," ",VLOOKUP(F49,'Project List 2026'!A:N,4,0)) -> SEF | C49: =IF(F49=""," ",VLOOKUP(E49,RefData!AG:AH,2,FALSE)) -> Infra Services | D49: =IF(F49=""," ",VLOOKUP(F49,'Project List 2026'!A:J,5,0)) -> Kristina Fojtkova | E49: Kristina Fojtkova | F49: Antimalware GW | G49: =IF(F49=""," ",VLOOKUP(F49,'Project List 2026'!A:J,6,0)) -> Internal | H49: =IF(F49="","",VLOOKUP(F49,'Project List 2026'!A:H,8,0)) -> 87101430 | J49: =IF(F49=""," ",VLOOKUP(F49,'Project List 2026'!A:O,15,0)) -> 304000 | K49: =IF(F49=""," ",VLOOKUP(F49,'Project List 2026'!A:T,9,0)) -> Ongoing | L49: =IF(F49=""," ",VLOOKUP(F49,'Project List 2026'!A:N,14,0)) -> 1 | M49: 0.5 | N49: 0.5 | O49: 0.5 | P49: 0.5 | Q49: 0.5 | R49: 0.5 | S49: 0.5 | T49: 0.5 | U49: 0.5 | V49: 0.5 | W49: 0.5 | Y49: =IF(ISNA(VLOOKUP(F49,'Project List 2026'!A:A,1,FALSE)), "No", "Yes") -> Yes
A50: =IF(F50=""," ",VLOOKUP(F50,'Project List 2026'!A:J,3,0)) -> Hosting | B50: =IF(F50=""," ",VLOOKUP(F50,'Project List 2026'!A:N,4,0)) -> Hosting Programs | C50: =IF(F50=""," ",VLOOKUP(E50,RefData!AG:AH,2,FALSE)) -> Infra Services | D50: =IF(F50=""," ",VLOOKUP(F50,'Project List 2026'!A:J,5,0)) -> Jana Veberova | E50: Kristina Fojtkova | F50: EXP EU Ws2016 OS R. - Server Refresh | G50: =IF(F50=""," ",VLOOKUP(F50,'Project List 2026'!A:J,6,0)) -> External | H50: =IF(F50="","",VLOOKUP(F50,'Project List 2026'!A:H,8,0)) -> 31319332 | J50: =IF(F50=""," ",VLOOKUP(F50,'Project List 2026'!A:O,15,0)) -> 321571.2 | K50: =IF(F50=""," ",VLOOKUP(F50,'Project List 2026'!A:T,9,0)) -> Ongoing | L50: =IF(F50=""," ",VLOOKUP(F50,'Project List 2026'!A:N,14,0)) -> 1 | O50: 0.5 | P50: 0.5 | Q50: 0.5 | R50: 0.5 | S50: 0.5 | T50: 0.5 | U50: 0.5 | V50: 0.5 | W50: 0.5 | X50: 0.5 | Y50: =IF(ISNA(VLOOKUP(F50,'Project List 2026'!A:A,1,FALSE)), "No", "Yes") -> Yes
A51: =IF(F51=""," ",VLOOKUP(F51,'Project List 2026'!A:J,3,0)) -> Hosting | B51: =IF(F51=""," ",VLOOKUP(F51,'Project List 2026'!A:N,4,0)) -> IS - Other | C51: =IF(F51=""," ",VLOOKUP(E51,RefData!AG:AH,2,FALSE)) -> Infra Services | D51: =IF(F51=""," ",VLOOKUP(F51,'Project List 2026'!A:J,5,0)) -> Kristina Fojtkova | E51: Kristina Fojtkova | F51: PP R PostIdent Analysis 2025 | G51: =IF(F51=""," ",VLOOKUP(F51,'Project List 2026'!A:J,6,0)) -> External | H51: =IF(F51="","",VLOOKUP(F51,'Project List 2026'!A:H,8,0)) -> 31319971 | J51: =IF(F51=""," ",VLOOKUP(F51,'Project List 2026'!A:O,15,0)) -> 0 | K51: =IF(F51=""," ",VLOOKUP(F51,'Project List 2026'!A:T,9,0)) -> Completed | L51: =IF(F51=""," ",VLOOKUP(F51,'Project List 2026'!A:N,14,0)) -> 1 | M51: 0.4 | N51: 0.4 | O51: 0.4 | Y51: =IF(ISNA(VLOOKUP(F51,'Project List 2026'!A:A,1,FALSE)), "No", "Yes") -> Yes
A52: =IF(F52=""," ",VLOOKUP(F52,'Project List 2026'!A:J,3,0)) -> APAC | B52: =IF(F52=""," ",VLOOKUP(F52,'Project List 2026'!A:N,4,0)) -> IS - Other | C52: =IF(F52=""," ",VLOOKUP(E52,RefData!AG:AH,2,FALSE)) -> Telecoms-APAC | D52: =IF(F52=""," ",VLOOKUP(F52,'Project List 2026'!A:J,5,0)) -> Lisette Fincke | E52: Lisette Fincke | F52: EXP GL Resilience 2.0_ISQ_Automation | G52: =IF(F52=""," ",VLOOKUP(F52,'Project List 2026'!A:J,6,0)) -> External | H52: =IF(F52="","",VLOOKUP(F52,'Project List 2026'!A:H,8,0)) -> 31310721 | J52: =IF(F52=""," ",VLOOKUP(F52,'Project List 2026'!A:O,15,0)) -> 250000 | K52: =IF(F52=""," ",VLOOKUP(F52,'Project List 2026'!A:T,9,0)) -> Ongoing | L52: =IF(F52=""," ",VLOOKUP(F52,'Project List 2026'!A:N,14,0)) -> 1 | M52: 0.7 | N52: 0.7 | O52: 0.7 | P52: 0.5 | Q52: 0.5 | R52: 0.5 | S52: 0.2 | T52: 0.2 | U52: 0.2 | V52: 0.2 | W52: 0.2 | X52: 0.2 | Y52: =IF(ISNA(VLOOKUP(F52,'Project List 2026'!A:A,1,FALSE)), "No", "Yes") -> Yes
A53: =IF(F53=""," ",VLOOKUP(F53,'Project List 2026'!A:J,3,0)) -> APAC | B53: =IF(F53=""," ",VLOOKUP(F53,'Project List 2026'!A:N,4,0)) -> Telecoms | C53: =IF(F53=""," ",VLOOKUP(E53,RefData!AG:AH,2,FALSE)) -> Telecoms-APAC | D53: =IF(F53=""," ",VLOOKUP(F53,'Project List 2026'!A:J,5,0)) -> Lisette Fincke | E53: Lisette Fincke | F53: FreeRadius Sunset | G53: =IF(F53=""," ",VLOOKUP(F53,'Project List 2026'!A:J,6,0)) -> Internal | H53: =IF(F53="","",VLOOKUP(F53,'Project List 2026'!A:H,8,0)) -> 0 | J53: =IF(F53=""," ",VLOOKUP(F53,'Project List 2026'!A:O,15,0)) -> 0 | K53: =IF(F53=""," ",VLOOKUP(F53,'Project List 2026'!A:T,9,0)) -> Ongoing | L53: =IF(F53=""," ",VLOOKUP(F53,'Project List 2026'!A:N,14,0)) -> 1 | M53: 0.05 | N53: 0.05 | O53: 0.05 | Y53: =IF(ISNA(VLOOKUP(F53,'Project List 2026'!A:A,1,FALSE)), "No", "Yes") -> Yes
A54: =IF(F54=""," ",VLOOKUP(F54,'Project List 2026'!A:J,3,0)) -> Hosting | B54: =IF(F54=""," ",VLOOKUP(F54,'Project List 2026'!A:N,4,0)) -> Hosting Programs | C54: =IF(F54=""," ",VLOOKUP(E54,RefData!AG:AH,2,FALSE)) -> Infra Services | D54: =IF(F54=""," ",VLOOKUP(F54,'Project List 2026'!A:J,5,0)) -> Katerina Soukupova | E54: Lucie Kolarikova | F54: SATs central PM order | G54: =IF(F54=""," ",VLOOKUP(F54,'Project List 2026'!A:J,6,0)) -> External | H54: =IF(F54="","",VLOOKUP(F54,'Project List 2026'!A:H,8,0)) -> 31319957 | J54: =IF(F54=""," ",VLOOKUP(F54,'Project List 2026'!A:O,15,0)) -> 474281 | K54: =IF(F54=""," ",VLOOKUP(F54,'Project List 2026'!A:T,9,0)) -> Ongoing | L54: =IF(F54=""," ",VLOOKUP(F54,'Project List 2026'!A:N,14,0)) -> 1 | M54: 0.5 | N54: 0.5 | O54: 0.5 | P54: 0.5 | Q54: 0.5 | R54: 0.5 | S54: 0.5 | T54: 0.5 | U54: 0.5 | V54: 0.5 | W54: 0.5 | X54: 0.5 | Y54: =IF(ISNA(VLOOKUP(F54,'Project List 2026'!A:A,1,FALSE)), "No", "Yes") -> Yes
A55: =IF(F55=""," ",VLOOKUP(F55,'Project List 2026'!A:J,3,0)) -> Hosting | B55: =IF(F55=""," ",VLOOKUP(F55,'Project List 2026'!A:N,4,0)) -> Hosting Programs | C55: =IF(F55=""," ",VLOOKUP(E55,RefData!AG:AH,2,FALSE)) -> Infra Services | D55: =IF(F55=""," ",VLOOKUP(F55,'Project List 2026'!A:J,5,0)) -> Neeraja Duddu | E55: Lucie Kolarikova | F55: DPAM Workstreams mgmt | G55: =IF(F55=""," ",VLOOKUP(F55,'Project List 2026'!A:J,6,0)) -> Internal | H55: =IF(F55="","",VLOOKUP(F55,'Project List 2026'!A:H,8,0)) -> 89101263 | J55: =IF(F55=""," ",VLOOKUP(F55,'Project List 2026'!A:O,15,0)) -> 0 | K55: =IF(F55=""," ",VLOOKUP(F55,'Project List 2026'!A:T,9,0)) -> Ongoing | L55: =IF(F55=""," ",VLOOKUP(F55,'Project List 2026'!A:N,14,0)) -> 1 | M55: 0.4 | N55: 0.4 | O55: 0.4 | P55: 0.4 | Q55: 0.4 | R55: 0.4 | S55: 0.4 | T55: 0.4 | U55: 0.4 | V55: 0.4 | Y55: =IF(ISNA(VLOOKUP(F55,'Project List 2026'!A:A,1,FALSE)), "No", "Yes") -> Yes
A56: =IF(F56=""," ",VLOOKUP(F56,'Project List 2026'!A:J,3,0)) -> Hosting | B56: =IF(F56=""," ",VLOOKUP(F56,'Project List 2026'!A:N,4,0)) -> IS - Other | C56: =IF(F56=""," ",VLOOKUP(E56,RefData!AG:AH,2,FALSE)) -> Infra Services | D56: =IF(F56=""," ",VLOOKUP(F56,'Project List 2026'!A:J,5,0)) -> Hana Sinska | E56: Lucie Kolarikova | F56: Internal servers EOL | G56: =IF(F56=""," ",VLOOKUP(F56,'Project List 2026'!A:J,6,0)) -> Internal | H56: =IF(F56="","",VLOOKUP(F56,'Project List 2026'!A:H,8,0)) -> 89101266 | J56: =IF(F56=""," ",VLOOKUP(F56,'Project List 2026'!A:O,15,0)) -> 13599.16 | K56: =IF(F56=""," ",VLOOKUP(F56,'Project List 2026'!A:T,9,0)) -> Ongoing | L56: =IF(F56=""," ",VLOOKUP(F56,'Project List 2026'!A:N,14,0)) -> 1 | M56: 0.15 | N56: 0.15 | O56: 0.15 | P56: 0.15 | Q56: 0.15 | R56: 0.15 | S56: 0.15 | T56: 0.15 | U56: 0.15 | V56: 0.15 | W56: 0.15 | Y56: =IF(ISNA(VLOOKUP(F56,'Project List 2026'!A:A,1,FALSE)), "No", "Yes") -> Yes
A57: =IF(F57=""," ",VLOOKUP(F57,'Project List 2026'!A:J,3,0)) -> Telecoms | B57: =IF(F57=""," ",VLOOKUP(F57,'Project List 2026'!A:N,4,0)) -> Telecoms | C57: =IF(F57=""," ",VLOOKUP(E57,RefData!AG:AH,2,FALSE)) -> Telecoms | D57: =IF(F57=""," ",VLOOKUP(F57,'Project List 2026'!A:J,5,0)) -> Ludek Houska | E57: Ludek Houska | F57: Dec IB Celia Network Design Changes | G57: =IF(F57=""," ",VLOOKUP(F57,'Project List 2026'!A:J,6,0)) -> External | H57: =IF(F57="","",VLOOKUP(F57,'Project List 2026'!A:H,8,0)) -> 31318081 | J57: =IF(F57=""," ",VLOOKUP(F57,'Project List 2026'!A:O,15,0)) -> 8444 | K57: =IF(F57=""," ",VLOOKUP(F57,'Project List 2026'!A:T,9,0)) -> Completed | L57: =IF(F57=""," ",VLOOKUP(F57,'Project List 2026'!A:N,14,0)) -> 1 | M57: 0.2 | N57: 0.2 | O57: 0.2 | Y57: =IF(ISNA(VLOOKUP(F57,'Project List 2026'!A:A,1,FALSE)), "No", "Yes") -> Yes
A58: =IF(F58=""," ",VLOOKUP(F58,'Project List 2026'!A:J,3,0)) -> Telecoms | B58: =IF(F58=""," ",VLOOKUP(F58,'Project List 2026'!A:N,4,0)) -> Telecoms | C58: =IF(F58=""," ",VLOOKUP(E58,RefData!AG:AH,2,FALSE)) -> Telecoms | D58: =IF(F58=""," ",VLOOKUP(F58,'Project List 2026'!A:J,5,0)) -> Ludek Houska | E58: Ludek Houska | F58: Unified DDoS (CDC Service Enhancement) | G58: =IF(F58=""," ",VLOOKUP(F58,'Project List 2026'!A:J,6,0)) -> Internal | H58: =IF(F58="","",VLOOKUP(F58,'Project List 2026'!A:H,8,0)) -> 87101349 | J58: =IF(F58=""," ",VLOOKUP(F58,'Project List 2026'!A:O,15,0)) -> 848000 | K58: =IF(F58=""," ",VLOOKUP(F58,'Project List 2026'!A:T,9,0)) -> Ongoing | L58: =IF(F58=""," ",VLOOKUP(F58,'Project List 2026'!A:N,14,0)) -> 1 | M58: 0.8 | N58: 0.8 | O58: 0.8 | P58: 0.9 | Q58: 0.9 | R58: 1 | S58: 1 | T58: 1 | U58: 1 | V58: 1 | W58: 1 | X58: 1 | Y58: =IF(ISNA(VLOOKUP(F58,'Project List 2026'!A:A,1,FALSE)), "No", "Yes") -> Yes
A59: =IF(F59=""," ",VLOOKUP(F59,'Project List 2026'!A:J,3,0)) -> APAC | B59: =IF(F59=""," ",VLOOKUP(F59,'Project List 2026'!A:N,4,0)) -> Others | C59: =IF(F59=""," ",VLOOKUP(E59,RefData!AG:AH,2,FALSE)) -> Telecoms-APAC | D59: =IF(F59=""," ",VLOOKUP(F59,'Project List 2026'!A:J,5,0)) -> Muhammad Yusry | E59: Muhammad Yusry | F59: ITS Infosec Program management | G59: =IF(F59=""," ",VLOOKUP(F59,'Project List 2026'!A:J,6,0)) -> Internal | H59: =IF(F59="","",VLOOKUP(F59,'Project List 2026'!A:H,8,0)) -> 89100881 | J59: =IF(F59=""," ",VLOOKUP(F59,'Project List 2026'!A:O,15,0)) -> 0 | K59: =IF(F59=""," ",VLOOKUP(F59,'Project List 2026'!A:T,9,0)) -> Completed | L59: =IF(F59=""," ",VLOOKUP(F59,'Project List 2026'!A:N,14,0)) -> 1 | M59: 0.5 | N59: 0.2 | O59: 0.1 | Y59: =IF(ISNA(VLOOKUP(F59,'Project List 2026'!A:A,1,FALSE)), "No", "Yes") -> Yes
A60: =IF(F60=""," ",VLOOKUP(F60,'Project List 2026'!A:J,3,0)) -> APAC | B60: =IF(F60=""," ",VLOOKUP(F60,'Project List 2026'!A:N,4,0)) -> Telecoms | C60: =IF(F60=""," ",VLOOKUP(E60,RefData!AG:AH,2,FALSE)) -> Telecoms-APAC | D60: =IF(F60=""," ",VLOOKUP(F60,'Project List 2026'!A:J,5,0)) -> Muhammad Yusry | E60: Muhammad Yusry | F60: DSCAP-Windows_2016_EOS_Assessment | G60: =IF(F60=""," ",VLOOKUP(F60,'Project List 2026'!A:J,6,0)) -> External | H60: =IF(F60="","",VLOOKUP(F60,'Project List 2026'!A:H,8,0)) -> 31319089 | J60: =IF(F60=""," ",VLOOKUP(F60,'Project List 2026'!A:O,15,0)) -> 9575 | K60: =IF(F60=""," ",VLOOKUP(F60,'Project List 2026'!A:T,9,0)) -> Completed | L60: =IF(F60=""," ",VLOOKUP(F60,'Project List 2026'!A:N,14,0)) -> 1 | M60: 0.2 | N60: 0.2 | O60: 0.1 | P60: 0.1 | Y60: =IF(ISNA(VLOOKUP(F60,'Project List 2026'!A:A,1,FALSE)), "No", "Yes") -> Yes
A61: =IF(F61=""," ",VLOOKUP(F61,'Project List 2026'!A:J,3,0)) -> APAC | B61: =IF(F61=""," ",VLOOKUP(F61,'Project List 2026'!A:N,4,0)) -> Others | C61: =IF(F61=""," ",VLOOKUP(E61,RefData!AG:AH,2,FALSE)) -> Telecoms-APAC | D61: =IF(F61=""," ",VLOOKUP(F61,'Project List 2026'!A:J,5,0)) -> Muhammad Yusry | E61: Muhammad Yusry | F61: DC Fortigate Refresh - GLOBAL | G61: =IF(F61=""," ",VLOOKUP(F61,'Project List 2026'!A:J,6,0)) -> Internal | H61: =IF(F61="","",VLOOKUP(F61,'Project List 2026'!A:H,8,0)) -> 87101411 | J61: =IF(F61=""," ",VLOOKUP(F61,'Project List 2026'!A:O,15,0)) -> 0 | K61: =IF(F61=""," ",VLOOKUP(F61,'Project List 2026'!A:T,9,0)) -> Ongoing | L61: =IF(F61=""," ",VLOOKUP(F61,'Project List 2026'!A:N,14,0)) -> 1 | N61: 0.4 | O61: 0.4 | P61: 0.4 | Q61: 0.4 | R61: 0.4 | S61: 0.4 | Y61: =IF(ISNA(VLOOKUP(F61,'Project List 2026'!A:A,1,FALSE)), "No", "Yes") -> Yes
A62: =IF(F62=""," ",VLOOKUP(F62,'Project List 2026'!A:J,3,0)) -> Telecoms | B62: =IF(F62=""," ",VLOOKUP(F62,'Project List 2026'!A:N,4,0)) -> Telecoms | C62: =IF(F62=""," ",VLOOKUP(E62,RefData!AG:AH,2,FALSE)) -> Telecoms-APAC | D62: =IF(F62=""," ",VLOOKUP(F62,'Project List 2026'!A:J,5,0)) -> Jan Cesnek | E62: Muhammad Yusry | F62: New NGFW requests | G62: =IF(F62=""," ",VLOOKUP(F62,'Project List 2026'!A:J,6,0)) -> External | H62: =IF(F62="","",VLOOKUP(F62,'Project List 2026'!A:H,8,0)) -> Multiple | J62: =IF(F62=""," ",VLOOKUP(F62,'Project List 2026'!A:O,15,0)) -> 500000 | K62: =IF(F62=""," ",VLOOKUP(F62,'Project List 2026'!A:T,9,0)) -> Ongoing | L62: =IF(F62=""," ",VLOOKUP(F62,'Project List 2026'!A:N,14,0)) -> 1 | M62: 0.2 | N62: 0.2 | O62: 0.3 | P62: 0.3 | Q62: 0.5 | R62: 0.5 | S62: 0.5 | T62: 0.5 | U62: 0.5 | V62: 0.5 | W62: 0.5 | X62: 0.5 | Y62: =IF(ISNA(VLOOKUP(F62,'Project List 2026'!A:A,1,FALSE)), "No", "Yes") -> Yes
A63: =IF(F63=""," ",VLOOKUP(F63,'Project List 2026'!A:J,3,0)) -> APAC | B63: =IF(F63=""," ",VLOOKUP(F63,'Project List 2026'!A:N,4,0)) -> DWS | C63: =IF(F63=""," ",VLOOKUP(E63,RefData!AG:AH,2,FALSE)) -> Telecoms-APAC | D63: =IF(F63=""," ",VLOOKUP(F63,'Project List 2026'!A:J,5,0)) -> Muthu Ramasamy | E63: Muthu M Ramasamy | F63: AP UCC Implementations | G63: =IF(F63=""," ",VLOOKUP(F63,'Project List 2026'!A:J,6,0)) -> External | H63: =IF(F63="","",VLOOKUP(F63,'Project List 2026'!A:H,8,0)) -> 89101048 | J63: =IF(F63=""," ",VLOOKUP(F63,'Project List 2026'!A:O,15,0)) -> 0 | K63: =IF(F63=""," ",VLOOKUP(F63,'Project List 2026'!A:T,9,0)) -> Ongoing | L63: =IF(F63=""," ",VLOOKUP(F63,'Project List 2026'!A:N,14,0)) -> 1 | M63: 0.6 | N63: 0.6 | O63: 0.6 | P63: 0.6 | Q63: 0.6 | R63: 0.6 | S63: 0.6 | T63: 0.6 | U63: 0.6 | V63: 0.6 | W63: 0.6 | Y63: =IF(ISNA(VLOOKUP(F63,'Project List 2026'!A:A,1,FALSE)), "No", "Yes") -> Yes
A64: =IF(F64=""," ",VLOOKUP(F64,'Project List 2026'!A:J,3,0)) -> APAC | B64: =IF(F64=""," ",VLOOKUP(F64,'Project List 2026'!A:N,4,0)) -> Telecoms | C64: =IF(F64=""," ",VLOOKUP(E64,RefData!AG:AH,2,FALSE)) -> Telecoms-APAC | D64: =IF(F64=""," ",VLOOKUP(F64,'Project List 2026'!A:J,5,0)) -> Muthu Ramasamy | E64: Muthu M Ramasamy | F64: ExpMena-17127-DHCP Migration | G64: =IF(F64=""," ",VLOOKUP(F64,'Project List 2026'!A:J,6,0)) -> External | H64: =IF(F64="","",VLOOKUP(F64,'Project List 2026'!A:H,8,0)) -> 31319580 | J64: =IF(F64=""," ",VLOOKUP(F64,'Project List 2026'!A:O,15,0)) -> 7294 | K64: =IF(F64=""," ",VLOOKUP(F64,'Project List 2026'!A:T,9,0)) -> Ongoing | L64: =IF(F64=""," ",VLOOKUP(F64,'Project List 2026'!A:N,14,0)) -> 1 | M64: 0.2 | N64: 0.2 | O64: 0.2 | P64: 0.2 | Y64: =IF(ISNA(VLOOKUP(F64,'Project List 2026'!A:A,1,FALSE)), "No", "Yes") -> Yes
A65: =IF(F65=""," ",VLOOKUP(F65,'Project List 2026'!A:J,3,0)) -> Hosting | B65: =IF(F65=""," ",VLOOKUP(F65,'Project List 2026'!A:N,4,0)) -> IS - Other | C65: =IF(F65=""," ",VLOOKUP(E65,RefData!AG:AH,2,FALSE)) -> Infra Services | D65: =IF(F65=""," ",VLOOKUP(F65,'Project List 2026'!A:J,5,0)) -> Neeraja Duddu | E65: Neeraja Duddu | F65: Data Security Platform | G65: =IF(F65=""," ",VLOOKUP(F65,'Project List 2026'!A:J,6,0)) -> Internal | H65: =IF(F65="","",VLOOKUP(F65,'Project List 2026'!A:H,8,0)) -> 87101362 | J65: =IF(F65=""," ",VLOOKUP(F65,'Project List 2026'!A:O,15,0)) -> 71551.11 | K65: =IF(F65=""," ",VLOOKUP(F65,'Project List 2026'!A:T,9,0)) -> Completed | L65: =IF(F65=""," ",VLOOKUP(F65,'Project List 2026'!A:N,14,0)) -> 1 | M65: 0.5 | N65: 0.5 | O65: 0.5 | P65: 0.5 | Q65: 0.5 | R65: 0.5 | S65: 0.3 | Y65: =IF(ISNA(VLOOKUP(F65,'Project List 2026'!A:A,1,FALSE)), "No", "Yes") -> Yes
A66: =IF(F66=""," ",VLOOKUP(F66,'Project List 2026'!A:J,3,0)) -> Hosting | B66: =IF(F66=""," ",VLOOKUP(F66,'Project List 2026'!A:N,4,0)) -> Hosting Programs | C66: =IF(F66=""," ",VLOOKUP(E66,RefData!AG:AH,2,FALSE)) -> Infra Services | D66: =IF(F66=""," ",VLOOKUP(F66,'Project List 2026'!A:J,5,0)) -> Neeraja Duddu | E66: Neeraja Duddu | F66: DPAM Workstreams mgmt | G66: =IF(F66=""," ",VLOOKUP(F66,'Project List 2026'!A:J,6,0)) -> Internal | H66: =IF(F66="","",VLOOKUP(F66,'Project List 2026'!A:H,8,0)) -> 89101263 | J66: =IF(F66=""," ",VLOOKUP(F66,'Project List 2026'!A:O,15,0)) -> 0 | K66: =IF(F66=""," ",VLOOKUP(F66,'Project List 2026'!A:T,9,0)) -> Ongoing | L66: =IF(F66=""," ",VLOOKUP(F66,'Project List 2026'!A:N,14,0)) -> 1 | M66: 0.4 | N66: 0.4 | O66: 0.4 | P66: 0.4 | Q66: 0.4 | R66: 0.4 | S66: 0.3 | U66: 0.5 | V66: 0.5 | W66: 0.5 | X66: 0.5 | Y66: =IF(ISNA(VLOOKUP(F66,'Project List 2026'!A:A,1,FALSE)), "No", "Yes") -> Yes
A67: =IF(F67=""," ",VLOOKUP(F67,'Project List 2026'!A:J,3,0)) -> APAC | B67: =IF(F67=""," ",VLOOKUP(F67,'Project List 2026'!A:N,4,0)) -> SEF | C67: =IF(F67=""," ",VLOOKUP(E67,RefData!AG:AH,2,FALSE)) -> Telecoms-APAC | D67: =IF(F67=""," ",VLOOKUP(F67,'Project List 2026'!A:J,5,0)) -> Prosen Chandra | E67: Prosen Chandra | F67: Broadcom Ghost replacement | G67: =IF(F67=""," ",VLOOKUP(F67,'Project List 2026'!A:J,6,0)) -> Internal | H67: =IF(F67="","",VLOOKUP(F67,'Project List 2026'!A:H,8,0)) -> 87101290 | J67: =IF(F67=""," ",VLOOKUP(F67,'Project List 2026'!A:O,15,0)) -> 222000 | K67: =IF(F67=""," ",VLOOKUP(F67,'Project List 2026'!A:T,9,0)) -> Ongoing | L67: =IF(F67=""," ",VLOOKUP(F67,'Project List 2026'!A:N,14,0)) -> 1 | M67: 0.6 | N67: 0.6 | O67: 0.6 | P67: 0.6 | Q67: 0.6 | R67: 0.6 | S67: 0.6 | T67: 0.6 | U67: 0.6 | V67: 0.6 | W67: 0.6 | X67: 0.6 | Y67: =IF(ISNA(VLOOKUP(F67,'Project List 2026'!A:A,1,FALSE)), "No", "Yes") -> Yes
A68: =IF(F68=""," ",VLOOKUP(F68,'Project List 2026'!A:J,3,0)) -> APAC | B68: =IF(F68=""," ",VLOOKUP(F68,'Project List 2026'!A:N,4,0)) -> Hosting Programs | C68: =IF(F68=""," ",VLOOKUP(E68,RefData!AG:AH,2,FALSE)) -> Telecoms-APAC | D68: =IF(F68=""," ",VLOOKUP(F68,'Project List 2026'!A:J,5,0)) -> Prosen Chandra | E68: Prosen Chandra | F68: Global consistent monitoring and Test servers monitoring | G68: =IF(F68=""," ",VLOOKUP(F68,'Project List 2026'!A:J,6,0)) -> Internal | H68: =IF(F68="","",VLOOKUP(F68,'Project List 2026'!A:H,8,0)) -> 89100562 | J68: =IF(F68=""," ",VLOOKUP(F68,'Project List 2026'!A:O,15,0)) -> 0 | K68: =IF(F68=""," ",VLOOKUP(F68,'Project List 2026'!A:T,9,0)) -> Completed | L68: =IF(F68=""," ",VLOOKUP(F68,'Project List 2026'!A:N,14,0)) -> 1 | M68: 0.1 | N68: 0.1 | O68: 0.1 | P68: 0.1 | Y68: =IF(ISNA(VLOOKUP(F68,'Project List 2026'!A:A,1,FALSE)), "No", "Yes") -> Yes
A69: =IF(F69=""," ",VLOOKUP(F69,'Project List 2026'!A:J,3,0)) -> APAC | B69: =IF(F69=""," ",VLOOKUP(F69,'Project List 2026'!A:N,4,0)) -> IS - Other | C69: =IF(F69=""," ",VLOOKUP(E69,RefData!AG:AH,2,FALSE)) -> Telecoms-APAC | D69: =IF(F69=""," ",VLOOKUP(F69,'Project List 2026'!A:J,5,0)) -> Prosen Chandra | E69: Prosen Chandra | F69: Observability for MQ and Openshift infrastructure | G69: =IF(F69=""," ",VLOOKUP(F69,'Project List 2026'!A:J,6,0)) -> Internal | H69: =IF(F69="","",VLOOKUP(F69,'Project List 2026'!A:H,8,0)) -> 89100958 | J69: =IF(F69=""," ",VLOOKUP(F69,'Project List 2026'!A:O,15,0)) -> 0 | K69: =IF(F69=""," ",VLOOKUP(F69,'Project List 2026'!A:T,9,0)) -> Ongoing | L69: =IF(F69=""," ",VLOOKUP(F69,'Project List 2026'!A:N,14,0)) -> 1 | M69: 0.1 | N69: 0.1 | O69: 0.1 | P69: 0.1 | Y69: =IF(ISNA(VLOOKUP(F69,'Project List 2026'!A:A,1,FALSE)), "No", "Yes") -> Yes
A70: =IF(F70=""," ",VLOOKUP(F70,'Project List 2026'!A:J,3,0)) -> Hosting | B70: =IF(F70=""," ",VLOOKUP(F70,'Project List 2026'!A:N,4,0)) -> Hosting Programs | C70: =IF(F70=""," ",VLOOKUP(E70,RefData!AG:AH,2,FALSE)) -> Telecoms-APAC | D70: =IF(F70=""," ",VLOOKUP(F70,'Project List 2026'!A:J,5,0)) -> Katerina Soukupova | E70: Prosen Chandra | F70: SATs central PM order | G70: =IF(F70=""," ",VLOOKUP(F70,'Project List 2026'!A:J,6,0)) -> External | H70: =IF(F70="","",VLOOKUP(F70,'Project List 2026'!A:H,8,0)) -> 31319957 | J70: =IF(F70=""," ",VLOOKUP(F70,'Project List 2026'!A:O,15,0)) -> 474281 | K70: =IF(F70=""," ",VLOOKUP(F70,'Project List 2026'!A:T,9,0)) -> Ongoing | L70: =IF(F70=""," ",VLOOKUP(F70,'Project List 2026'!A:N,14,0)) -> 1 | N70: 0.2 | O70: 0.2 | P70: 0.2 | Q70: 0.2 | R70: 0.2 | S70: 0.2 | T70: 0.2 | U70: 0.2 | V70: 0.2 | W70: 0.2 | X70: 0.2 | Y70: =IF(ISNA(VLOOKUP(F70,'Project List 2026'!A:A,1,FALSE)), "No", "Yes") -> Yes
A71: =IF(F71=""," ",VLOOKUP(F71,'Project List 2026'!A:J,3,0)) -> Telecoms | B71: =IF(F71=""," ",VLOOKUP(F71,'Project List 2026'!A:N,4,0)) -> SEF | C71: =IF(F71=""," ",VLOOKUP(E71,RefData!AG:AH,2,FALSE)) -> Telecoms | D71: =IF(F71=""," ",VLOOKUP(F71,'Project List 2026'!A:J,5,0)) -> Jaroslav Kral | E71: Rene Zamecnik | F71: IPv6 Telecoms 2026 | G71: =IF(F71=""," ",VLOOKUP(F71,'Project List 2026'!A:J,6,0)) -> Internal | H71: =IF(F71="","",VLOOKUP(F71,'Project List 2026'!A:H,8,0)) -> 87101427 | J71: =IF(F71=""," ",VLOOKUP(F71,'Project List 2026'!A:O,15,0)) -> 999000 | K71: =IF(F71=""," ",VLOOKUP(F71,'Project List 2026'!A:T,9,0)) -> Ongoing | L71: =IF(F71=""," ",VLOOKUP(F71,'Project List 2026'!A:N,14,0)) -> 1 | M71: 0.8 | N71: 0.8 | O71: 0.8 | P71: 0.8 | Q71: 0.8 | R71: 0.8 | S71: 0.8 | T71: 0.8 | U71: 0.8 | V71: 0.8 | W71: 0.8 | X71: 0.8 | Y71: =IF(ISNA(VLOOKUP(F71,'Project List 2026'!A:A,1,FALSE)), "No", "Yes") -> Yes
A72: =IF(F72=""," ",VLOOKUP(F72,'Project List 2026'!A:J,3,0)) -> Telecoms | B72: =IF(F72=""," ",VLOOKUP(F72,'Project List 2026'!A:N,4,0)) -> Telecoms | C72: =IF(F72=""," ",VLOOKUP(E72,RefData!AG:AH,2,FALSE)) -> Telecoms | D72: =IF(F72=""," ",VLOOKUP(F72,'Project List 2026'!A:J,5,0)) -> Rene Zamecnik | E72: Rene Zamecnik | F72: Telecoms Patching grid | G72: =IF(F72=""," ",VLOOKUP(F72,'Project List 2026'!A:J,6,0)) -> Internal | H72: =IF(F72="","",VLOOKUP(F72,'Project List 2026'!A:H,8,0)) -> 87002025 | J72: =IF(F72=""," ",VLOOKUP(F72,'Project List 2026'!A:O,15,0)) -> 49905 | K72: =IF(F72=""," ",VLOOKUP(F72,'Project List 2026'!A:T,9,0)) -> Ongoing | L72: =IF(F72=""," ",VLOOKUP(F72,'Project List 2026'!A:N,14,0)) -> 1 | M72: 0.2 | N72: 0.2 | O72: 0.2 | P72: 0.2 | Q72: 0.2 | R72: 0.2 | Y72: =IF(ISNA(VLOOKUP(F72,'Project List 2026'!A:A,1,FALSE)), "No", "Yes") -> Yes
A73: =IF(F73=""," ",VLOOKUP(F73,'Project List 2026'!A:J,3,0)) -> Telecoms | B73: =IF(F73=""," ",VLOOKUP(F73,'Project List 2026'!A:N,4,0)) -> Telecoms | C73: =IF(F73=""," ",VLOOKUP(E73,RefData!AG:AH,2,FALSE)) -> Telecoms | D73: =IF(F73=""," ",VLOOKUP(F73,'Project List 2026'!A:J,5,0)) -> Alina Nosulych | E73: Rene Zamecnik | F73: Migration of Secure Access User Access Management to PIAM(requested by Isaac based on Audit findings) | G73: =IF(F73=""," ",VLOOKUP(F73,'Project List 2026'!A:J,6,0)) -> Internal | H73: =IF(F73="","",VLOOKUP(F73,'Project List 2026'!A:H,8,0)) -> 89100826 | J73: =IF(F73=""," ",VLOOKUP(F73,'Project List 2026'!A:O,15,0)) -> 0 | K73: =IF(F73=""," ",VLOOKUP(F73,'Project List 2026'!A:T,9,0)) -> Ongoing | L73: =IF(F73=""," ",VLOOKUP(F73,'Project List 2026'!A:N,14,0)) -> 1 | N73: 0.15 | O73: 0.15 | P73: 0.15 | Y73: =IF(ISNA(VLOOKUP(F73,'Project List 2026'!A:A,1,FALSE)), "No", "Yes") -> Yes
A74: =IF(F74=""," ",VLOOKUP(F74,'Project List 2026'!A:J,3,0)) -> APAC | B74: =IF(F74=""," ",VLOOKUP(F74,'Project List 2026'!A:N,4,0)) -> DWS | C74: =IF(F74=""," ",VLOOKUP(E74,RefData!AG:AH,2,FALSE)) -> Telecoms-APAC | D74: =IF(F74=""," ",VLOOKUP(F74,'Project List 2026'!A:J,5,0)) -> Ruthie Buenafe | E74: Ruthie Buenafe | F74: Exchange Downgrade and Cloud Readiness | G74: =IF(F74=""," ",VLOOKUP(F74,'Project List 2026'!A:J,6,0)) -> Internal | H74: =IF(F74="","",VLOOKUP(F74,'Project List 2026'!A:H,8,0)) -> 87101221 | J74: =IF(F74=""," ",VLOOKUP(F74,'Project List 2026'!A:O,15,0)) -> 0 | K74: =IF(F74=""," ",VLOOKUP(F74,'Project List 2026'!A:T,9,0)) -> Completed | L74: =IF(F74=""," ",VLOOKUP(F74,'Project List 2026'!A:N,14,0)) -> 1 | M74: 0.65 | N74: 0.65 | O74: 0.65 | P74: 0.65 | Q74: 0.65 | R74: 0.65 | Y74: =IF(ISNA(VLOOKUP(F74,'Project List 2026'!A:A,1,FALSE)), "No", "Yes") -> Yes
A75: =IF(F75=""," ",VLOOKUP(F75,'Project List 2026'!A:J,3,0)) -> APAC | B75: =IF(F75=""," ",VLOOKUP(F75,'Project List 2026'!A:N,4,0)) -> DWS | C75: =IF(F75=""," ",VLOOKUP(E75,RefData!AG:AH,2,FALSE)) -> Telecoms-APAC | D75: =IF(F75=""," ",VLOOKUP(F75,'Project List 2026'!A:J,5,0)) -> Ruthie Buenafe | E75: Ruthie Buenafe | F75: M365 Tenant Configuration Backup & Recovery | G75: =IF(F75=""," ",VLOOKUP(F75,'Project List 2026'!A:J,6,0)) -> Internal | H75: =IF(F75="","",VLOOKUP(F75,'Project List 2026'!A:H,8,0)) -> 87001931 | J75: =IF(F75=""," ",VLOOKUP(F75,'Project List 2026'!A:O,15,0)) -> 0 | K75: =IF(F75=""," ",VLOOKUP(F75,'Project List 2026'!A:T,9,0)) -> Ongoing | L75: =IF(F75=""," ",VLOOKUP(F75,'Project List 2026'!A:N,14,0)) -> 1 | M75: 0.25 | N75: 0.25 | O75: 0.25 | P75: 0.25 | Q75: 0.25 | R75: 0.25 | S75: 0.25 | T75: 0.25 | U75: 0.25 | Y75: =IF(ISNA(VLOOKUP(F75,'Project List 2026'!A:A,1,FALSE)), "No", "Yes") -> Yes
A76: =IF(F76=""," ",VLOOKUP(F76,'Project List 2026'!A:J,3,0)) -> Hosting | B76: =IF(F76=""," ",VLOOKUP(F76,'Project List 2026'!A:N,4,0)) -> Hosting Programs | C76: =IF(F76=""," ",VLOOKUP(E76,RefData!AG:AH,2,FALSE)) -> Telecoms | D76: =IF(F76=""," ",VLOOKUP(F76,'Project List 2026'!A:J,5,0)) -> Zlata Benesova | E76: Sanju Hornikova | F76: DeC GHO EVRi IT_29 Transition 2026 | G76: =IF(F76=""," ",VLOOKUP(F76,'Project List 2026'!A:J,6,0)) -> External | H76: =IF(F76="","",VLOOKUP(F76,'Project List 2026'!A:H,8,0)) -> 31319843 | J76: =IF(F76=""," ",VLOOKUP(F76,'Project List 2026'!A:O,15,0)) -> 1355572 | K76: =IF(F76=""," ",VLOOKUP(F76,'Project List 2026'!A:T,9,0)) -> Ongoing | L76: =IF(F76=""," ",VLOOKUP(F76,'Project List 2026'!A:N,14,0)) -> 1 | M76: 1 | N76: 1 | O76: 0.7 | P76: 0.7 | Q76: 0.7 | R76: 0.7 | S76: 0.7 | T76: 0.7 | U76: 0.7 | V76: 0.7 | Y76: =IF(ISNA(VLOOKUP(F76,'Project List 2026'!A:A,1,FALSE)), "No", "Yes") -> Yes
A77: =IF(F77=""," ",VLOOKUP(F77,'Project List 2026'!A:J,3,0)) -> Hosting | B77: =IF(F77=""," ",VLOOKUP(F77,'Project List 2026'!A:N,4,0)) -> Hosting Programs | C77: =IF(F77=""," ",VLOOKUP(E77,RefData!AG:AH,2,FALSE)) -> Telecoms | D77: =IF(F77=""," ",VLOOKUP(F77,'Project List 2026'!A:J,5,0)) -> Sona Rackova | E77: Sanju Hornikova | F77: DeC GHO EVRi - Cisco Secure Access Implementation | G77: =IF(F77=""," ",VLOOKUP(F77,'Project List 2026'!A:J,6,0)) -> External | H77: =IF(F77="","",VLOOKUP(F77,'Project List 2026'!A:H,8,0)) -> 31320188 | J77: =IF(F77=""," ",VLOOKUP(F77,'Project List 2026'!A:O,15,0)) -> 73000 | K77: =IF(F77=""," ",VLOOKUP(F77,'Project List 2026'!A:T,9,0)) -> Completed | L77: =IF(F77=""," ",VLOOKUP(F77,'Project List 2026'!A:N,14,0)) -> 1 | Y77: =IF(ISNA(VLOOKUP(F77,'Project List 2026'!A:A,1,FALSE)), "No", "Yes") -> Yes
A78: =IF(F78=""," ",VLOOKUP(F78,'Project List 2026'!A:J,3,0)) -> APAC | B78: =IF(F78=""," ",VLOOKUP(F78,'Project List 2026'!A:N,4,0)) -> Telecoms | C78: =IF(F78=""," ",VLOOKUP(E78,RefData!AG:AH,2,FALSE)) -> Telecoms-APAC | D78: =IF(F78=""," ",VLOOKUP(F78,'Project List 2026'!A:J,5,0)) -> Saranyah Vairavan | E78: Saranyah Vairavan | F78: DGFF-AP-DGF-CN-HK-RIM-HOSTING Tech Refresh 2025 BUILD | G78: =IF(F78=""," ",VLOOKUP(F78,'Project List 2026'!A:J,6,0)) -> External | H78: =IF(F78="","",VLOOKUP(F78,'Project List 2026'!A:H,8,0)) -> 31318078 | J78: =IF(F78=""," ",VLOOKUP(F78,'Project List 2026'!A:O,15,0)) -> 42480 | K78: =IF(F78=""," ",VLOOKUP(F78,'Project List 2026'!A:T,9,0)) -> Ongoing | L78: =IF(F78=""," ",VLOOKUP(F78,'Project List 2026'!A:N,14,0)) -> 1 | M78: 0.3 | N78: 0.5 | O78: 0.5 | P78: 0.3 | Y78: =IF(ISNA(VLOOKUP(F78,'Project List 2026'!A:A,1,FALSE)), "No", "Yes") -> Yes
A79: =IF(F79=""," ",VLOOKUP(F79,'Project List 2026'!A:J,3,0)) -> APAC | B79: =IF(F79=""," ",VLOOKUP(F79,'Project List 2026'!A:N,4,0)) -> Telecoms | C79: =IF(F79=""," ",VLOOKUP(E79,RefData!AG:AH,2,FALSE)) -> Telecoms-APAC | D79: =IF(F79=""," ",VLOOKUP(F79,'Project List 2026'!A:J,5,0)) -> Saranyah Vairavan | E79: Saranyah Vairavan | F79: DSC-GSL-B-SeLECT-Emulator migration-ITPM | G79: =IF(F79=""," ",VLOOKUP(F79,'Project List 2026'!A:J,6,0)) -> External | H79: =IF(F79="","",VLOOKUP(F79,'Project List 2026'!A:H,8,0)) -> 31318380 | J79: =IF(F79=""," ",VLOOKUP(F79,'Project List 2026'!A:O,15,0)) -> 5099.8 | K79: =IF(F79=""," ",VLOOKUP(F79,'Project List 2026'!A:T,9,0)) -> Completed | L79: =IF(F79=""," ",VLOOKUP(F79,'Project List 2026'!A:N,14,0)) -> 1 | M79: 0.5 | N79: 0.1 | Y79: =IF(ISNA(VLOOKUP(F79,'Project List 2026'!A:A,1,FALSE)), "No", "Yes") -> Yes
A80: =IF(F80=""," ",VLOOKUP(F80,'Project List 2026'!A:J,3,0)) -> Hosting | B80: =IF(F80=""," ",VLOOKUP(F80,'Project List 2026'!A:N,4,0)) -> Hosting Programs | C80: =IF(F80=""," ",VLOOKUP(E80,RefData!AG:AH,2,FALSE)) -> Telecoms-APAC | D80: =IF(F80=""," ",VLOOKUP(F80,'Project List 2026'!A:J,5,0)) -> Katerina Soukupova | E80: Saranyah Vairavan | F80: SATs central PM order | G80: =IF(F80=""," ",VLOOKUP(F80,'Project List 2026'!A:J,6,0)) -> External | H80: =IF(F80="","",VLOOKUP(F80,'Project List 2026'!A:H,8,0)) -> 31319957 | J80: =IF(F80=""," ",VLOOKUP(F80,'Project List 2026'!A:O,15,0)) -> 474281 | K80: =IF(F80=""," ",VLOOKUP(F80,'Project List 2026'!A:T,9,0)) -> Ongoing | L80: =IF(F80=""," ",VLOOKUP(F80,'Project List 2026'!A:N,14,0)) -> 1 | M80: 0.2 | N80: 0.3 | O80: 0.3 | P80: 0.5 | Q80: 0.8 | R80: 0.8 | S80: 0.8 | T80: 0.5 | U80: 0.5 | V80: 0.5 | W80: 0.5 | X80: 0.5 | Y80: =IF(ISNA(VLOOKUP(F80,'Project List 2026'!A:A,1,FALSE)), "No", "Yes") -> Yes
A81: =IF(F81=""," ",VLOOKUP(F81,'Project List 2026'!A:J,3,0)) -> Hosting | B81: =IF(F81=""," ",VLOOKUP(F81,'Project List 2026'!A:N,4,0)) -> SEF | C81: =IF(F81=""," ",VLOOKUP(E81,RefData!AG:AH,2,FALSE)) -> Infra Services | D81: =IF(F81=""," ",VLOOKUP(F81,'Project List 2026'!A:J,5,0)) -> Jan Truksa | E81: Yu Mon Htay | F81: Patching Grid : Automated Deployment | G81: =IF(F81=""," ",VLOOKUP(F81,'Project List 2026'!A:J,6,0)) -> Internal | H81: =IF(F81="","",VLOOKUP(F81,'Project List 2026'!A:H,8,0)) -> 87101401 | J81: =IF(F81=""," ",VLOOKUP(F81,'Project List 2026'!A:O,15,0)) -> 687000 | K81: =IF(F81=""," ",VLOOKUP(F81,'Project List 2026'!A:T,9,0)) -> On hold | L81: =IF(F81=""," ",VLOOKUP(F81,'Project List 2026'!A:N,14,0)) -> 1 | M81: 0.6 | N81: 0.6 | O81: 0.8 | P81: 0.7 | Y81: =IF(ISNA(VLOOKUP(F81,'Project List 2026'!A:A,1,FALSE)), "No", "Yes") -> Yes
A82: =IF(F82=""," ",VLOOKUP(F82,'Project List 2026'!A:J,3,0)) -> Hosting | B82: =IF(F82=""," ",VLOOKUP(F82,'Project List 2026'!A:N,4,0)) -> Hosting Programs | C82: =IF(F82=""," ",VLOOKUP(E82,RefData!AG:AH,2,FALSE)) -> Infra Services | D82: =IF(F82=""," ",VLOOKUP(F82,'Project List 2026'!A:J,5,0)) -> Yu Mon Htay | E82: Yu Mon Htay | F82: Vmware 2026 | G82: =IF(F82=""," ",VLOOKUP(F82,'Project List 2026'!A:J,6,0)) -> Internal | H82: =IF(F82="","",VLOOKUP(F82,'Project List 2026'!A:H,8,0)) -> 89100554 | J82: =IF(F82=""," ",VLOOKUP(F82,'Project List 2026'!A:O,15,0)) -> 0 | K82: =IF(F82=""," ",VLOOKUP(F82,'Project List 2026'!A:T,9,0)) -> Ongoing | L82: =IF(F82=""," ",VLOOKUP(F82,'Project List 2026'!A:N,14,0)) -> 1 | M82: 0.25 | N82: 0.25 | O82: 0.25 | P82: 0.25 | Q82: 0.25 | R82: 0.25 | S82: 0.25 | T82: 0.25 | U82: 0.25 | V82: 0.25 | W82: 0.25 | X82: 0.25 | Y82: =IF(ISNA(VLOOKUP(F82,'Project List 2026'!A:A,1,FALSE)), "No", "Yes") -> Yes
A83: =IF(F83=""," ",VLOOKUP(F83,'Project List 2026'!A:J,3,0)) -> Hosting | B83: =IF(F83=""," ",VLOOKUP(F83,'Project List 2026'!A:N,4,0)) -> Hosting Programs | C83: =IF(F83=""," ",VLOOKUP(E83,RefData!AG:AH,2,FALSE)) -> Infra Services | D83: =IF(F83=""," ",VLOOKUP(F83,'Project List 2026'!A:J,5,0)) -> Katerina Soukupova | E83: Yu Mon Htay | F83: SATs central PM order | G83: =IF(F83=""," ",VLOOKUP(F83,'Project List 2026'!A:J,6,0)) -> External | H83: =IF(F83="","",VLOOKUP(F83,'Project List 2026'!A:H,8,0)) -> 31319957 | J83: =IF(F83=""," ",VLOOKUP(F83,'Project List 2026'!A:O,15,0)) -> 474281 | K83: =IF(F83=""," ",VLOOKUP(F83,'Project List 2026'!A:T,9,0)) -> Ongoing | L83: =IF(F83=""," ",VLOOKUP(F83,'Project List 2026'!A:N,14,0)) -> 1 | M83: 0.1 | Q83: 0.5 | S83: 0.1 | T83: 0.1 | Y83: =IF(ISNA(VLOOKUP(F83,'Project List 2026'!A:A,1,FALSE)), "No", "Yes") -> Yes
A84: =IF(F84=""," ",VLOOKUP(F84,'Project List 2026'!A:J,3,0)) -> Telecoms | B84: =IF(F84=""," ",VLOOKUP(F84,'Project List 2026'!A:N,4,0)) -> Telecoms | C84: =IF(F84=""," ",VLOOKUP(E84,RefData!AG:AH,2,FALSE)) -> Telecoms | D84: =IF(F84=""," ",VLOOKUP(F84,'Project List 2026'!A:J,5,0)) -> Zied Erebai | E84: Zied Erebai | F84: Zscaler Cloud Proxy for Blue collar workers | G84: =IF(F84=""," ",VLOOKUP(F84,'Project List 2026'!A:J,6,0)) -> Internal | H84: =IF(F84="","",VLOOKUP(F84,'Project List 2026'!A:H,8,0)) -> 89100787 | J84: =IF(F84=""," ",VLOOKUP(F84,'Project List 2026'!A:O,15,0)) -> 0 | K84: =IF(F84=""," ",VLOOKUP(F84,'Project List 2026'!A:T,9,0)) -> Ongoing | L84: =IF(F84=""," ",VLOOKUP(F84,'Project List 2026'!A:N,14,0)) -> 1 | M84: 0.1 | N84: 0.1 | O84: 0.1 | Y84: =IF(ISNA(VLOOKUP(F84,'Project List 2026'!A:A,1,FALSE)), "No", "Yes") -> Yes
A85: =IF(F85=""," ",VLOOKUP(F85,'Project List 2026'!A:J,3,0)) -> Telecoms | B85: =IF(F85=""," ",VLOOKUP(F85,'Project List 2026'!A:N,4,0)) -> Telecoms | C85: =IF(F85=""," ",VLOOKUP(E85,RefData!AG:AH,2,FALSE)) -> Telecoms | D85: =IF(F85=""," ",VLOOKUP(F85,'Project List 2026'!A:J,5,0)) -> Zied Erebai | E85: Zied Erebai | F85: Internet capacity management​ (Zscaler BW control) | G85: =IF(F85=""," ",VLOOKUP(F85,'Project List 2026'!A:J,6,0)) -> Internal | H85: =IF(F85="","",VLOOKUP(F85,'Project List 2026'!A:H,8,0)) -> 89100787 | J85: =IF(F85=""," ",VLOOKUP(F85,'Project List 2026'!A:O,15,0)) -> 0 | K85: =IF(F85=""," ",VLOOKUP(F85,'Project List 2026'!A:T,9,0)) -> Ongoing | L85: =IF(F85=""," ",VLOOKUP(F85,'Project List 2026'!A:N,14,0)) -> 1 | O85: 0.15 | P85: 0.15 | Q85: 0.15 | R85: 0.15 | S85: 0.15 | T85: 0.15 | Y85: =IF(ISNA(VLOOKUP(F85,'Project List 2026'!A:A,1,FALSE)), "No", "Yes") -> Yes
A86: =IF(F86=""," ",VLOOKUP(F86,'Project List 2026'!A:J,3,0)) -> Telecoms | B86: =IF(F86=""," ",VLOOKUP(F86,'Project List 2026'!A:N,4,0)) -> Telecoms | C86: =IF(F86=""," ",VLOOKUP(E86,RefData!AG:AH,2,FALSE)) -> Telecoms | D86: =IF(F86=""," ",VLOOKUP(F86,'Project List 2026'!A:J,5,0)) -> Zied Erebai | E86: Zied Erebai | F86: ZPA 3rd Party Access ​​(migrate from xcVPN to ZPA 3rd Party by June 2026) | G86: =IF(F86=""," ",VLOOKUP(F86,'Project List 2026'!A:J,6,0)) -> Internal | H86: =IF(F86="","",VLOOKUP(F86,'Project List 2026'!A:H,8,0)) -> 89101224 | J86: =IF(F86=""," ",VLOOKUP(F86,'Project List 2026'!A:O,15,0)) -> 0 | K86: =IF(F86=""," ",VLOOKUP(F86,'Project List 2026'!A:T,9,0)) -> Ongoing | L86: =IF(F86=""," ",VLOOKUP(F86,'Project List 2026'!A:N,14,0)) -> 1 | M86: 0.2 | N86: 0.2 | O86: 0.2 | P86: 0.2 | Q86: 0.2 | R86: 0.2 | Y86: =IF(ISNA(VLOOKUP(F86,'Project List 2026'!A:A,1,FALSE)), "No", "Yes") -> Yes
A87: =IF(F87=""," ",VLOOKUP(F87,'Project List 2026'!A:J,3,0)) -> Telecoms | B87: =IF(F87=""," ",VLOOKUP(F87,'Project List 2026'!A:N,4,0)) -> Telecoms | C87: =IF(F87=""," ",VLOOKUP(E87,RefData!AG:AH,2,FALSE)) -> Telecoms | D87: =IF(F87=""," ",VLOOKUP(F87,'Project List 2026'!A:J,5,0)) -> Zied Erebai | E87: Zied Erebai | F87: Zscaler NSS log servers | G87: =IF(F87=""," ",VLOOKUP(F87,'Project List 2026'!A:J,6,0)) -> Internal | H87: =IF(F87="","",VLOOKUP(F87,'Project List 2026'!A:H,8,0)) -> 89100787 | J87: =IF(F87=""," ",VLOOKUP(F87,'Project List 2026'!A:O,15,0)) -> 0 | K87: =IF(F87=""," ",VLOOKUP(F87,'Project List 2026'!A:T,9,0)) -> Ongoing | L87: =IF(F87=""," ",VLOOKUP(F87,'Project List 2026'!A:N,14,0)) -> 1 | M87: 0.1 | N87: 0.1 | O87: 0.1 | P87: 0.1 | Q87: 0.1 | R87: 0.1 | S87: 0.1 | T87: 0.1 | U87: 0.1 | Y87: =IF(ISNA(VLOOKUP(F87,'Project List 2026'!A:A,1,FALSE)), "No", "Yes") -> Yes
A88: =IF(F88=""," ",VLOOKUP(F88,'Project List 2026'!A:J,3,0)) -> Telecoms | B88: =IF(F88=""," ",VLOOKUP(F88,'Project List 2026'!A:N,4,0)) -> Telecoms | C88: =IF(F88=""," ",VLOOKUP(E88,RefData!AG:AH,2,FALSE)) -> Telecoms | D88: =IF(F88=""," ",VLOOKUP(F88,'Project List 2026'!A:J,5,0)) -> Zied Erebai | E88: Zied Erebai | F88: Zscaler PAC file lifecycle full automation in Secure Access (ELM) | G88: =IF(F88=""," ",VLOOKUP(F88,'Project List 2026'!A:J,6,0)) -> Internal | H88: =IF(F88="","",VLOOKUP(F88,'Project List 2026'!A:H,8,0)) -> 89100787 | J88: =IF(F88=""," ",VLOOKUP(F88,'Project List 2026'!A:O,15,0)) -> 0 | K88: =IF(F88=""," ",VLOOKUP(F88,'Project List 2026'!A:T,9,0)) -> Ongoing | L88: =IF(F88=""," ",VLOOKUP(F88,'Project List 2026'!A:N,14,0)) -> 1 | M88: 0.1 | N88: 0.1 | O88: 0.1 | P88: 0.1 | Q88: 0.1 | R88: 0.1 | S88: 0.1 | T88: 0.1 | U88: 0.1 | Y88: =IF(ISNA(VLOOKUP(F88,'Project List 2026'!A:A,1,FALSE)), "No", "Yes") -> Yes
A89: =IF(F89=""," ",VLOOKUP(F89,'Project List 2026'!A:J,3,0)) -> Telecoms | B89: =IF(F89=""," ",VLOOKUP(F89,'Project List 2026'!A:N,4,0)) -> Others | C89: =IF(F89=""," ",VLOOKUP(E89,RefData!AG:AH,2,FALSE)) -> Telecoms | D89: =IF(F89=""," ",VLOOKUP(F89,'Project List 2026'!A:J,5,0)) -> Zied Erebai | E89: Zied Erebai | F89: Zscaler private access broker service introduction (ZSE Zscaler Edge) | G89: =IF(F89=""," ",VLOOKUP(F89,'Project List 2026'!A:J,6,0)) -> Internal | H89: =IF(F89="","",VLOOKUP(F89,'Project List 2026'!A:H,8,0)) -> 87101413 | J89: =IF(F89=""," ",VLOOKUP(F89,'Project List 2026'!A:O,15,0)) -> 80000 | K89: =IF(F89=""," ",VLOOKUP(F89,'Project List 2026'!A:T,9,0)) -> Ongoing | L89: =IF(F89=""," ",VLOOKUP(F89,'Project List 2026'!A:N,14,0)) -> 1 | M89: 0.25 | N89: 0.25 | O89: 0.25 | P89: 0.25 | Q89: 0.25 | R89: 0.25 | S89: 0.25 | T89: 0.25 | U89: 0.25 | V89: 0.25 | W89: 0.25 | X89: 0.25 | Y89: =IF(ISNA(VLOOKUP(F89,'Project List 2026'!A:A,1,FALSE)), "No", "Yes") -> Yes
A90: =IF(F90=""," ",VLOOKUP(F90,'Project List 2026'!A:J,3,0)) -> Telecoms | B90: =IF(F90=""," ",VLOOKUP(F90,'Project List 2026'!A:N,4,0)) -> Telecoms | C90: =IF(F90=""," ",VLOOKUP(E90,RefData!AG:AH,2,FALSE)) -> Telecoms | D90: =IF(F90=""," ",VLOOKUP(F90,'Project List 2026'!A:J,5,0)) -> Zied Erebai | E90: Zied Erebai | F90: Zscaler - ZDX rollout to Bus | G90: =IF(F90=""," ",VLOOKUP(F90,'Project List 2026'!A:J,6,0)) -> Internal | H90: =IF(F90="","",VLOOKUP(F90,'Project List 2026'!A:H,8,0)) -> 89100787 | J90: =IF(F90=""," ",VLOOKUP(F90,'Project List 2026'!A:O,15,0)) -> 0 | K90: =IF(F90=""," ",VLOOKUP(F90,'Project List 2026'!A:T,9,0)) -> Ongoing | L90: =IF(F90=""," ",VLOOKUP(F90,'Project List 2026'!A:N,14,0)) -> 1 | M90: 0.1 | N90: 0.1 | O90: 0.1 | P90: 0.1 | Q90: 0.1 | R90: 0.1 | S90: 0.1 | Y90: =IF(ISNA(VLOOKUP(F90,'Project List 2026'!A:A,1,FALSE)), "No", "Yes") -> Yes
A91: =IF(F91=""," ",VLOOKUP(F91,'Project List 2026'!A:J,3,0)) -> Hosting | B91: =IF(F91=""," ",VLOOKUP(F91,'Project List 2026'!A:N,4,0)) -> Hosting Programs | C91: =IF(F91=""," ",VLOOKUP(E91,RefData!AG:AH,2,FALSE)) -> Infra Services | D91: =IF(F91=""," ",VLOOKUP(F91,'Project List 2026'!A:J,5,0)) -> Zlata Benesova | E91: Zlata Benesova | F91: IPv6 - IS part | G91: =IF(F91=""," ",VLOOKUP(F91,'Project List 2026'!A:J,6,0)) -> Internal | H91: =IF(F91="","",VLOOKUP(F91,'Project List 2026'!A:H,8,0)) -> 89101264 | J91: =IF(F91=""," ",VLOOKUP(F91,'Project List 2026'!A:O,15,0)) -> 0 | K91: =IF(F91=""," ",VLOOKUP(F91,'Project List 2026'!A:T,9,0)) -> Cancelled | L91: =IF(F91=""," ",VLOOKUP(F91,'Project List 2026'!A:N,14,0)) -> 1 | M91: 0.15 | P91: 0.3 | Q91: 0.3 | R91: 0.3 | S91: 0.3 | T91: 0.3 | U91: 0.3 | V91: 0.3 | W91: 0.3 | Y91: =IF(ISNA(VLOOKUP(F91,'Project List 2026'!A:A,1,FALSE)), "No", "Yes") -> Yes
A92: =IF(F92=""," ",VLOOKUP(F92,'Project List 2026'!A:J,3,0)) -> Hosting | B92: =IF(F92=""," ",VLOOKUP(F92,'Project List 2026'!A:N,4,0)) -> Hosting Programs | C92: Infra Services | D92: =IF(F92=""," ",VLOOKUP(F92,'Project List 2026'!A:J,5,0)) -> Zlata Benesova | E92: Zlata Benesova | F92: DeC GHO EVRi IT_29 Transition 2026 | G92: =IF(F92=""," ",VLOOKUP(F92,'Project List 2026'!A:J,6,0)) -> External | H92: =IF(F92="","",VLOOKUP(F92,'Project List 2026'!A:H,8,0)) -> 31319843 | J92: =IF(F92=""," ",VLOOKUP(F92,'Project List 2026'!A:O,15,0)) -> 1355572 | K92: =IF(F92=""," ",VLOOKUP(F92,'Project List 2026'!A:T,9,0)) -> Ongoing | L92: =IF(F92=""," ",VLOOKUP(F92,'Project List 2026'!A:N,14,0)) -> 1 | M92: 0.8 | N92: 0.8 | O92: 0.7 | P92: 0.7 | Q92: 0.7 | R92: 0.6 | S92: 0.6 | T92: 0.6 | U92: 0.6 | V92: 0.6 | W92: 0.6 | Y92: =IF(ISNA(VLOOKUP(F92,'Project List 2026'!A:A,1,FALSE)), "No", "Yes") -> Yes
A93: =IF(F93=""," ",VLOOKUP(F93,'Project List 2026'!A:J,3,0)) -> Hosting | B93: =IF(F93=""," ",VLOOKUP(F93,'Project List 2026'!A:N,4,0)) -> Hosting Programs | C93: =IF(F93=""," ",VLOOKUP(E93,RefData!AG:AH,2,FALSE)) -> Infra Services | D93: =IF(F93=""," ",VLOOKUP(F93,'Project List 2026'!A:J,5,0)) -> Neeraja Duddu | E93: Zlata Benesova | F93: Dummy order - VACATIONS | G93: =IF(F93=""," ",VLOOKUP(F93,'Project List 2026'!A:J,6,0)) -> Internal | H93: =IF(F93="","",VLOOKUP(F93,'Project List 2026'!A:H,8,0)) -> n/a | J93: =IF(F93=""," ",VLOOKUP(F93,'Project List 2026'!A:O,15,0)) -> 0 | K93: =IF(F93=""," ",VLOOKUP(F93,'Project List 2026'!A:T,9,0)) -> Ongoing | L93: =IF(F93=""," ",VLOOKUP(F93,'Project List 2026'!A:N,14,0)) -> 1 | N93: 0.25 | O93: 0.25 | Y93: =IF(ISNA(VLOOKUP(F93,'Project List 2026'!A:A,1,FALSE)), "No", "Yes") -> Yes
A94: =IF(F94=""," ",VLOOKUP(F94,'Project List 2026'!A:J,3,0)) -> Telecoms | B94: =IF(F94=""," ",VLOOKUP(F94,'Project List 2026'!A:N,4,0)) -> Telecoms | C94: =IF(F94=""," ",VLOOKUP(E94,RefData!AG:AH,2,FALSE)) -> Telecoms | D94: =IF(F94=""," ",VLOOKUP(F94,'Project List 2026'!A:J,5,0)) -> Zdenek Novotny | E94: Zdenek Novotny | F94: DeC Iberia Celia Transition | G94: =IF(F94=""," ",VLOOKUP(F94,'Project List 2026'!A:J,6,0)) -> External | H94: =IF(F94="","",VLOOKUP(F94,'Project List 2026'!A:H,8,0)) -> 31321899 | J94: =IF(F94=""," ",VLOOKUP(F94,'Project List 2026'!A:O,14,0)) -> 1 | K94: =IF(F94=""," ",VLOOKUP(F94,'Project List 2026'!A:T,9,0)) -> Completed | L94: =IF(F94=""," ",VLOOKUP(F94,'Project List 2026'!A:M,13,0)) -> 93772 | P94: 0.75 | Q94: 0.1 | Y94: =IF(ISNA(VLOOKUP(F94,'Project List 2026'!A:A,1,FALSE)), "No", "Yes") -> Yes
A95: =IF(F95=""," ",VLOOKUP(F95,'Project List 2026'!A:J,3,0)) -> Telecoms | B95: =IF(F95=""," ",VLOOKUP(F95,'Project List 2026'!A:N,4,0)) -> Telecoms | C95: =IF(F95=""," ",VLOOKUP(E95,RefData!AG:AH,2,FALSE)) -> Telecoms | D95: =IF(F95=""," ",VLOOKUP(F95,'Project List 2026'!A:J,5,0)) -> Zdenek Novotny | E95: Zdenek Novotny | F95: DeC GHO MNG Kargo Connection to Shape+ | G95: =IF(F95=""," ",VLOOKUP(F95,'Project List 2026'!A:J,6,0)) -> External | H95: =IF(F95="","",VLOOKUP(F95,'Project List 2026'!A:H,8,0)) -> 31321974 | J95: =IF(F95=""," ",VLOOKUP(F95,'Project List 2026'!A:O,14,0)) -> 1 | K95: =IF(F95=""," ",VLOOKUP(F95,'Project List 2026'!A:T,9,0)) -> Completed | L95: =IF(F95=""," ",VLOOKUP(F95,'Project List 2026'!A:M,13,0)) -> 12008 | P95: 0.1 | Q95: 0.1 | Y95: =IF(ISNA(VLOOKUP(F95,'Project List 2026'!A:A,1,FALSE)), "No", "Yes") -> Yes
A96: =IF(F96=""," ",VLOOKUP(F96,'Project List 2026'!A:J,3,0)) -> Telecoms | B96: =IF(F96=""," ",VLOOKUP(F96,'Project List 2026'!A:N,4,0)) -> Telecoms | C96: =IF(F96=""," ",VLOOKUP(E96,RefData!AG:AH,2,FALSE)) -> Telecoms | D96: =IF(F96=""," ",VLOOKUP(F96,'Project List 2026'!A:J,5,0)) -> Zdenek Novotny | E96: Sanju Hornikova | F96: DeC Iberia Celia Transition | G96: =IF(F96=""," ",VLOOKUP(F96,'Project List 2026'!A:J,6,0)) -> External | H96: =IF(F96="","",VLOOKUP(F96,'Project List 2026'!A:H,8,0)) -> 31321899 | J96: =IF(F96=""," ",VLOOKUP(F96,'Project List 2026'!A:O,14,0)) -> 1 | K96: =IF(F96=""," ",VLOOKUP(F96,'Project List 2026'!A:T,9,0)) -> Completed | L96: =IF(F96=""," ",VLOOKUP(F96,'Project List 2026'!A:M,13,0)) -> 93772 | P96: 0.2 | Q96: 0.15 | Y96: =IF(ISNA(VLOOKUP(F96,'Project List 2026'!A:A,1,FALSE)), "No", "Yes") -> Yes
A97: =IF(F97=""," ",VLOOKUP(F97,'Project List 2026'!A:J,3,0)) -> Telecoms | B97: =IF(F97=""," ",VLOOKUP(F97,'Project List 2026'!A:N,4,0)) -> Telecoms | C97: =IF(F97=""," ",VLOOKUP(E97,RefData!AG:AH,2,FALSE)) -> Telecoms | D97: =IF(F97=""," ",VLOOKUP(F97,'Project List 2026'!A:J,5,0)) -> Zdenek Novotny | E97: Ludek Houska | F97: DeC Iberia Celia Transition | G97: =IF(F97=""," ",VLOOKUP(F97,'Project List 2026'!A:J,6,0)) -> External | H97: =IF(F97="","",VLOOKUP(F97,'Project List 2026'!A:H,8,0)) -> 31321899 | J97: =IF(F97=""," ",VLOOKUP(F97,'Project List 2026'!A:O,14,0)) -> 1 | K97: =IF(F97=""," ",VLOOKUP(F97,'Project List 2026'!A:T,9,0)) -> Completed | L97: =IF(F97=""," ",VLOOKUP(F97,'Project List 2026'!A:M,13,0)) -> 93772 | P97: 0.1 | Q97: 0.1 | Y97: =IF(ISNA(VLOOKUP(F97,'Project List 2026'!A:A,1,FALSE)), "No", "Yes") -> Yes
A98: =IF(F98=""," ",VLOOKUP(F98,'Project List 2026'!A:J,3,0)) -> Telecoms | B98: =IF(F98=""," ",VLOOKUP(F98,'Project List 2026'!A:N,4,0)) -> Telecoms | C98: =IF(F98=""," ",VLOOKUP(E98,RefData!AG:AH,2,FALSE)) -> Telecoms | D98: =IF(F98=""," ",VLOOKUP(F98,'Project List 2026'!A:J,5,0)) -> Rene Zamecnik | E98: Rene Zamecnik | F98: DSC-IPv6-Migration Approach & Certification ITS Support | G98: =IF(F98=""," ",VLOOKUP(F98,'Project List 2026'!A:J,6,0)) -> External | H98: =IF(F98="","",VLOOKUP(F98,'Project List 2026'!A:H,8,0)) -> 31322131 | J98: =IF(F98=""," ",VLOOKUP(F98,'Project List 2026'!A:O,14,0)) -> 1 | K98: =IF(F98=""," ",VLOOKUP(F98,'Project List 2026'!A:T,9,0)) -> Ongoing | L98: =IF(F98=""," ",VLOOKUP(F98,'Project List 2026'!A:M,13,0)) -> 114554 | P98: 0.1 | Q98: 0.3 | R98: 0.3 | S98: 0.3 | T98: 0.3 | U98: 0.3 | V98: 0.3 | W98: 0.3 | X98: 0.3 | Y98: =IF(ISNA(VLOOKUP(F98,'Project List 2026'!A:A,1,FALSE)), "No", "Yes") -> Yes
A99: =IF(F99=""," ",VLOOKUP(F99,'Project List 2026'!A:J,3,0)) -> Telecoms | B99: =IF(F99=""," ",VLOOKUP(F99,'Project List 2026'!A:N,4,0)) -> Telecoms | C99: =IF(F99=""," ",VLOOKUP(E99,RefData!AG:AH,2,FALSE)) -> Telecoms | D99: =IF(F99=""," ",VLOOKUP(F99,'Project List 2026'!A:J,5,0)) -> Alina Nosulych | E99: Alina Nosulych | F99: Migration of Secure Access User Access Management to PIAM(requested by Isaac based on Audit findings) | G99: =IF(F99=""," ",VLOOKUP(F99,'Project List 2026'!A:J,6,0)) -> Internal | H99: =IF(F99="","",VLOOKUP(F99,'Project List 2026'!A:H,8,0)) -> 89100826 | J99: =IF(F99=""," ",VLOOKUP(F99,'Project List 2026'!A:O,14,0)) -> 1 | K99: =IF(F99=""," ",VLOOKUP(F99,'Project List 2026'!A:T,9,0)) -> Ongoing | L99: =IF(F99=""," ",VLOOKUP(F99,'Project List 2026'!A:M,13,0)) -> 0 | Q99: 0.15 | R99: 0.15 | S99: 0.15 | T99: 0.15 | Y99: =IF(ISNA(VLOOKUP(F99,'Project List 2026'!A:A,1,FALSE)), "No", "Yes") -> Yes
A100: =IF(F100=""," ",VLOOKUP(F100,'Project List 2026'!A:J,3,0)) -> Telecoms | B100: =IF(F100=""," ",VLOOKUP(F100,'Project List 2026'!A:N,4,0)) -> SEF | C100: =IF(F100=""," ",VLOOKUP(E100,RefData!AG:AH,2,FALSE)) -> Telecoms | D100: =IF(F100=""," ",VLOOKUP(F100,'Project List 2026'!A:J,5,0)) -> Jaroslav Kral | E100: Jaroslav Kral | F100: IPv6 Telecoms 2026 | G100: =IF(F100=""," ",VLOOKUP(F100,'Project List 2026'!A:J,6,0)) -> Internal | H100: =IF(F100="","",VLOOKUP(F100,'Project List 2026'!A:H,8,0)) -> 87101427 | J100: =IF(F100=""," ",VLOOKUP(F100,'Project List 2026'!A:O,14,0)) -> 1 | K100: =IF(F100=""," ",VLOOKUP(F100,'Project List 2026'!A:T,9,0)) -> Ongoing | L100: =IF(F100=""," ",VLOOKUP(F100,'Project List 2026'!A:M,13,0)) -> 999000 | P100: 0.6 | Q100: 0.6 | R100: 0.6 | S100: 0.6 | T100: 0.6 | U100: 0.6 | V100: 0.6 | W100: 0.6 | X100: 0.6 | Y100: =IF(ISNA(VLOOKUP(F100,'Project List 2026'!A:A,1,FALSE)), "No", "Yes") -> Yes
...

Sheet Utilization Overview
A1: Project status | B1: (All)
A2: Externality | B2: (All)
A3: Probability | B3: (All)
A4: PM Depart | B4: Infra Services
A5: Initial IP Tower | B5: (All)
A7: PM | B7: 01/2026 | C7: 02/2026 | D7: 03/2026 | E7: 04/2026 | F7: 05/2026 | G7: 06/2026 | H7: 07/2026 | I7: 08/2026 | J7: 09/2026 | K7: 10/2026 | L7: 11/2026 | M7: 12/2026
A8: Hana Kodatova | B8: 1 | C8: 1.1 | D8: 1.2 | E8: 1.05 | F8: 1 | G8: 0.95 | H8: 0.85 | I8: 1.3 | J8: 0.85 | K8: 0.7 | L8: 0.7 | M8: 0.5
A9: Hana Sinska | B9: 1.2 | C9: 1.15 | D9: 1.15 | E9: 1.1 | F9: 1.1 | G9: 1.1 | H9: 0.95 | I9: 1.05 | J9: 1.05 | K9: 1.05 | L9: 1.05 | M9: 0.75
A10: Irina Denisova | B10: 1 | C10: 1 | D10: 1 | E10: 1 | F10: 1.2 | G10: 1.2 | H10: 1 | I10: 1 | J10: 1 | K10: 1 | L10: 1 | M10: 1
A11: Ivan Godunov | B11: 1 | C11: 1.3 | D11: 1.3 | E11: 1.1 | F11: 0.95 | G11: 0.95 | H11: 0.9 | I11: 0.9 | J11: 0.9 | K11: 0.9 | L11: 0.9 | M11: 0.9
A12: Jan Truksa | B12: 1 | C12: 1 | D12: 1 | E12: 1 | F12: 1 | G12: 1 | H12: 0.95 | I12: 1.05 | J12: 1 | K12: 0.9 | L12: 0.9 | M12: 0.5
A13: Jana Veberova | B13: 0.9 | C13: 0.9 | D13: 0.9 | E13: 0.9 | F13: 0.9 | G13: 0.9 | H13: 1 | I13: 1 | J13: 1 | K13: 1 | L13: 0.9 | M13: 0.9
A14: Katerina Schmiedova | B14: 1 | C14: 1 | D14: 1 | E14: 1 | F14: 1 | G14: 1 | H14: 1 | I14: 1 | J14: 1 | K14: 1 | L14: 1 | M14: 1
A15: Kristina Fojtkova | B15: 0.9 | C15: 0.9 | D15: 1.4 | E15: 1 | F15: 1 | G15: 1 | H15: 1 | I15: 1 | J15: 1 | K15: 1 | L15: 1 | M15: 0.5
A16: Lucie Kolarikova | B16: 1.05 | C16: 1.05 | D16: 1.05 | E16: 1.05 | F16: 1.05 | G16: 1.05 | H16: 1.05 | I16: 1.05 | J16: 1.05 | K16: 1.05 | L16: 0.65 | M16: 0.5
A17: Neeraja Duddu | B17: 0.9 | C17: 0.9 | D17: 0.9 | E17: 0.9 | F17: 0.9 | G17: 0.9 | H17: 0.9 | I17: 1 | J17: 0.65 | K17: 0.5 | L17: 0.5 | M17: 0.5
A18: Yu Mon Htay | B18: 0.95 | C18: 0.85 | D18: 1.05 | E18: 0.95 | F18: 1 | G18: 1.05 | H18: 0.9 | I18: 1 | J18: 0.9 | K18: 0.8 | L18: 0.8 | M18: 0.8
A19: Zlata Benesova | B19: 0.95 | C19: 1.05 | D19: 0.95 | E19: 1 | F19: 1 | G19: 0.9 | H19: 0.9 | I19: 0.9 | J19: 0.9 | K19: 0.9 | L19: 0.9
A20: Michel De Heij

Sheet Detail1
A1: Details for Count of Project name (as in ITS1) - Tower: IS
A3: Project name (as in ITS1) | B3: Tower | C3: Categroyr | D3: PM name | E3: Externality | F3: Status | G3: Project Charter | H3: Project Charter reviewed by Hena | I3: Project Plan | J3: Resource plan | K3: PSR | L3: Lesson Learned | M3: Lessons Learned reviewed by Hena | N3: Project Closure | O3: Project Closure reviewed by Hena | P3: IS portfolio review scope | Q3: Project Owner | R3: SEF | S3: RAG status | T3: 29th Jan scope | U3: 24th Feb scope | V3: 26th Mar scope | W3: 28th Apr scope | X3: 28th May scope
A4: DeC GHO TR TR IBM API Gateway Analysis | B4: IS | D4: Sona Rackova | E4: External | F4: Ongoing | G4: not required | I4: not required | J4: not required | K4: not required | L4: not required | N4: not required
A5: DSC NORAM - SOC Support 2026 | B5: IS | D5: Sona Rackova | E5: External | F5: Initiation | G5: not required | I5: not required | J5: yes | K5: not required | L5: not required | N5: not required
A6: DeC GHO EVRi IT | B6: IS | D6: Zlata Benesova | E6: External | F6: Ongoing | G6: In Progress | I6: yes | J6: yes | K6: PJ20251788 | P6: yes | Q6: Martin Fojtek | T6: yes | W6: yes
A7: DSC Project coordination | B7: IS | D7: Sona Rackova | E7: External | F7: Initiation | G7: not required | I7: not required | J7: not required | K7: not required | L7: not required | N7: not required
A8: DGFF WS2016 - Discovery & Design | B8: IS | C8: Technical Refresh | D8: Michel de Heij | E8: External | F8: Ongoing | P8: yes | Q8: Barbora Vesela
A9: PP R PostIdent Analysis 2025 | B9: IS | C9: Technical POC | D9: Kristina Fojtkova | E9: External | F9: Completed | G9: not required | I9: not required | L9: not required | N9: not required | P9: yes
A10: EXP-AP-SATS-B-PM Resource 2026 | B10: IS | C10: Deployment | D10: Katerina Soukupova | E10: External | F10: Ongoing | G10: RACI uploaded | H10: 46104 | I10: not required | J10: yes | K10: not required | L10: not required
A11: DSC DE - RIM Blue. | B11: IS | C11: Deployment | D11: Jana Veberova | E11: External | F11: Completed | G11: yes | I11: yes | J11: yes | K11: PJ20251673 | L11: Ongoing | P11: yes | Q11: Sammy Abu Shab
A12: EXP EU Ws2016 OS R. - Server Refresh | B12: IS | C12: Technical Refresh | D12: Jana Veberova | E12: External | F12: Ongoing | G12: yes | H12: 46073 | I12: yes | J12: yes | K12: PJ20252692 | L12: Ongoing | P12: yes | Q12: Marco Balestra | T12: yes | V12: yes | X12: yes
A13: GWSS 2.0 | B13: IS | D13: Henrieta Schotzova | E13: External | F13: Ongoing | G13: yes | K13: PJ20250919 | P13: yes | Q13: Henrieta Scholtzova
A14: DSC FR - Infolog upgrade IT PM | B14: IS | C14: Deployment | D14: Hana Kodatova | E14: External | F14: Completed | G14: yes | H14: 2025 | I14: yes | J14: yes | K14: PJ20251811 | L14: yes | M14: 2025 | N14: yes | O14: 2025 | Q14: Sylvain Lepine | U14: yes
A15: IPv6 - IS part | B15: IS | D15: Zlata Benesova | E15: Internal | F15: Ongoing | G15: yes | I15: yes | J15: yes | K15: yes | L15: yes
A16: VMWARE ADMIN | B16: IS | C16: Technical Refresh | D16: Yu Mon Htay | E16: Internal | F16: Ongoing | G16: yes | H16: 46090 | P16: yes
A17: DPAM Run | B17: IS | D17: Neeraja Duddu | E17: Internal | F17: Ongoing | G17: not required | I17: not required | J17: not required | K17: not required | L17: not required | N17: not required
A18: Secret Management | B18: IS | C18: Service Introduction | D18: Neeraja Duddu | E18: Internal | F18: Initiation | P18: yes | Q18: Youssef Choueiry
A19: Data Security Platform | B19: IS | C19: Service Introduction | D19: Neeraja Duddu | E19: Internal | F19: Ongoing | G19: yes | H19: 2025 | I19: yes | J19: yes | K19: PJ20251532 | L19: Ongoing | P19: yes | Q19: Youssef Choueiry | U19: yes
A20: Antimalware GW | B20: IS | C20: Service Introduction | D20: Kristina Fojtkova | E20: Internal | F20: Ongoing | K20: PJ20241303 | P20: yes | Q20: Youssef Choueiry | R20: yes
A21: Automated Deployment v1 | B21: IS | C21: Application Development | D21: Jan Truksa | E21: Internal | F21: On hold | G21: yes | H21: 46073 | I21: yes | J21: yes | K21: PJ20250006 | L21: Ongoing | P21: yes | Q21: Svetozar Galik | T21: yes | V21: yes | W21: yes
A22: Ops Security Portal2.0 | B22: IS | C22: Application Development | D22: Jan Truksa | E22: Internal | F22: On hold
A23: Automated Deployment v2 - 2026 SEF | B23: IS | C23: Application Development | D23: Jan Truksa | E23: Internal | F23: On hold | G23: yes | I23: yes | J23: yes | K23: PJ20260223 | L23: Ongoing | P23: yes | Q23: Svetozar Galik | R23: yes | U23: yes
A24: ITS resilient operations | B24: IS | C24: Infrastructure Security | D24: Ivan Godunov | E24: Internal | F24: Ongoing | K24: PJ20261090 | P24: yes | Q24: Youssef Choueiry | W24: yes
A25: UES ITS Managed Server | B25: IS | D25: Ivan Godunov | E25: Internal | F25: Ongoing | J25: not required | K25: not required
A26: PoC - BMC - OpenShift onboarding | B26: IS | C26: Technical POC | D26: Ivan Godunov | E26: Internal | F26: Ongoing | G26: yes | H26: 46090 | I26: yes | J26: not required | K26: not required
A27: Internal servers EOL | B27: IS | C27: Technical Refresh | D27: Hana Sinska | E27: Internal | F27: Ongoing | J27: yes | K27: PJ20250912 | P27: yes | Q27: Barbora Vesela | U27: yes | X27: yes
A28: Dell Server Onboarding | B28: IS | C28: Technical POC | D28: Hana Sinska | E28: Internal | F28: Ongoing | J28: yes | K28: PJ20261057 | P28: yes | Q28: Jan Havel | W28: yes
A29: Green Accounting | B29: IS | C29: Application Development | D29: Hana Sinska | E29: Internal | F29: On hold | G29: yes | J29: yes | K29: PJ20240627
A30: Secure API Testing - Service Introduction | B30: IS | C30: Service Introduction | D30: Hana Sinska | E30: Internal | F30: Ongoing | G30: yes | H30: 46090 | I30: yes | J30: yes | K30: PJ20251996 | L30: yes | P30: ?
A31: Storage TR 2026 | B31: IS | C31: Deployment | D31: Hana Kodatova | E31: Internal | F31: Ongoing | K31: PJ20260327 | P31: yes | Q31: Pavel Lipavsky | X31: yes
A32: Discovery Inventory PoC | B32: IS | C32: Technical POC | D32: Hana Kodatova | E32: Internal | F32: Ongoing | G32: yes | H32: 46125 | J32: yes | K32: PJ20260506 | P32: yes | Q32: Ales Trekoval | W32: yes

Sheet Statistics
A4: Row Labels | B4: Count of Project name (as in ITS1)
A5: Cancelled | B5: 1
A6: Completed | B6: 13
A7: Initiation | B7: 21
A8: On hold | B8: 5
A9: Ongoing | B9: 63
A10: Grand Total | B10: 103
A21: Row Labels | B21: Count of Project name (as in ITS1)
A22: Americas | B22: 13
A23: APAC | B23: 22
A24: Telecoms | B24: 38
A25: Hosting | B25: 30
A26: Grand Total | B26: 103
A38: Row Labels | B38: Count of Project name (as in ITS1)
A39: DeC | B39: 6
A40: DGFF | B40: 3
A41: DSC | B41: 17
A42: EXP | B42: 16
A43: ITS | B43: 50
A44: Multiple | B44: 10
A45: P&P | B45: 1
A46: Grand Total | B46: 103

Sheet RefData
B2: Tower | C2: PC Ownership | D2: Internal/External project | E2: BU | F2: Project status | G2: Project charter | H2: Project charter reviewed by Hena | I2: Project plan | J2: Resource plan | K2: PSR | L2: Lessons Learned | M2: Lessons Learned reviewed by Hena | N2: Project closure | O2: Project closure reviewed by Hena | AF2: PM Full Name | AG2: PM Name | AH2: PM Depart
B3: Americas | C3: Hosting Programs | D3: Internal | E3: DGFF | F3: Initiation | G3: yes | I3: yes | J3: yes | L3: yes | N3: yes | AF3: Nosulych Alina | AG3: Alina Nosulych | AH3: Telecoms
B4: APAC | C4: IS - Other | D4: External | E4: DSC | F4: Cancelled | G4: not required | I4: not required | J4: not required | L4: not required | N4: not required | AF4: Andrea Stratilova | AG4: Andrea Stratilova | AH4: Telecoms
B5: Hosting | C5: Telecoms | E5: EXP | F5: Ongoing | G5: Ongoing | I5: Ongoing | L5: Ongoing | N5: Ongoing | AF5: Gottschling Bernd | AG5: Bernd Gottschling | AH5: DE-EUG
B6: Telecoms | C6: DWS | E6: DeC | F6: Completed | G6: In Progress | I6: In Progress | L6: In Progress | N6: In Progress | AF6: Carlos Crawford | AG6: Carlos Crawford | AH6: Telecoms-AM
C7: SEF | E7: GF | F7: On hold | G7: Project not started | AF7: Milne Corey | AG7: Corey Milne | AH7: DE-EUG
C8: InfoSec | E8: ITS | AF8: Thoribová Dalila | AG8: Dalila Thoribova | AH8: Telecoms
C9: Others | E9: P&P | AF9: LAI MUN CHUN (Daniel) | AG9: Daniel Lai | AH9: Telecoms-APAC
E10: Multiple | AF10: Daniela Ocampo | AG10: Daniela Ocampo | AH10: Telecoms-AM
AF11: Dayanna Abarca Garcia | AG11: Dayanna Abarca Garcia | AH11: Telecoms-AM
AF12: Zeletdinova Dilyara | AG12: Dilyara Zeletdinova | AH12: Telecoms
AF13: Kottzieper Gunther | AG13: Gunther Kottzieper | AH13: DE-EUG
AF14: Kodatová Hana | AG14: Hana Kodatova | AH14: Infra Services
AF15: Ahir Harshkumar | AG15: Harsh Ahir | AH15: Telecoms
AF16: Godunov Ivan | AG16: Ivan Godunov | AH16: Infra Services
AF17: Strýček Jakub | AG17: Jakub Strycek | AH17: Telecoms
AF18: Česnek Jan | AG18: Jan Cesnek | AH18: Telecoms
AF19: Jan Derfinak | AG19: Jan Derfinak (EXT) | AH19: Telecoms - EXT
AF20: Ondrák Jan | AG20: Jan Ondrak | AH20: Telecoms
AF21: Truksa Jan | AG21: Jan Truksa | AH21: Infra Services
AF22: Král Jaroslav | AG22: Jaroslav Kral | AH22: Telecoms
... AF63: Sinska Hana | AG63: Hana Sinska | AH63: Infra Services
AG64: Kirill Shabalkin | AH64: Telecoms
AG65: Ludek Houska | AH65: Telecoms
AG66: Nick Appelboom | AH66: Infra Services - EXT
AF67: Kolarikova Lucie | AG67: Lucie Kolarikova | AH67: Infra Services
